,Alabama,Alaska,Arizona,Arkansas,California,Colorado,Connecticut,Delaware,District of Columbia,Florida,Georgia,Hawaii,Idaho,Illinois,Indiana,Iowa,Kansas,Kentucky,Louisiana,Maine,Maryland,Massachusetts,Michigan,Minnesota,Mississippi,Missouri,Montana,Nebraska,Nevada,New Hampshire,New Jersey,New Mexico,New York,North Carolina,North Dakota,Ohio,Oklahoma,Oregon,Pennsylvania,Rhode Island,South Carolina,South Dakota,Tennessee,Texas,United States,Utah,Vermont,Virginia,Washington,West Virginia,Wisconsin,Wyoming
Percent Estimate!!HOUSEHOLDS BY TYPE!!Total households!!Family households (families),65.5,65.8,65.5,66.5,68.3,63.1,64.7,64.8,42.3,64.4,66.7,69.6,68.4,64.1,64.8,63.1,64.1,65.7,63.6,60.1,66.4,62.7,63.7,63.7,65.7,63.7,61.6,63.4,62.5,64.3,68.7,62.4,62.9,65.4,58.8,62.4,66.2,62.7,63.8,60.9,65.3,63.6,65.6,68.8,65.2,74.5,59.6,66.0,64.9,62.9,62.7,62.8
Percent Estimate!!HOUSEHOLDS BY TYPE!!Total households!!Family households (families)!!With own children of the householder under 18 years,25.1,30.1,26.8,27.5,29.3,27.4,26.9,24.3,17.6,22.9,28.6,25.7,29.0,27.1,27.3,27.2,28.5,26.9,26.4,21.7,27.8,25.9,25.4,27.6,26.9,25.7,24.2,28.8,25.7,23.4,28.7,24.1,25.4,26.6,25.7,25.6,29.0,25.1,24.7,24.5,24.8,26.8,26.2,31.6,27.0,36.8,21.6,27.3,27.3,22.4,25.7,25.2
Percent Estimate!!HOUSEHOLDS BY TYPE!!Total households!!Family households (families)!!Married-couple family,47.4,50.2,47.7,47.9,49.4,49.1,47.2,47.3,25.4,46.6,46.9,51.6,54.5,47.1,48.0,49.1,50.4,48.4,43.1,46.8,48.3,46.7,46.7,50.3,44.4,47.6,49.4,49.6,43.3,51.6,51.2,43.4,44.0,47.9,46.8,45.1,48.2,48.4,47.6,43.0,46.5,49.8,47.9,49.8,47.9,60.9,47.0,49.7,50.2,47.3,48.5,50.7
Percent Estimate!!HOUSEHOLDS BY TYPE!!Total households!!Family households (families)!!Married-couple family!!With own children of the householder under 18 years,16.4,21.8,17.6,17.4,20.8,20.1,18.0,15.5,9.2,14.7,18.6,19.0,21.4,18.6,18.0,18.5,20.5,17.9,15.8,14.6,19.1,18.4,16.7,19.9,16.4,17.0,17.0,20.3,16.0,16.6,21.0,14.5,17.1,17.6,18.1,16.1,18.9,17.6,16.6,15.6,15.7,18.3,17.2,21.6,18.3,29.8,14.9,19.4,19.6,14.8,17.5,18.0
"Percent Estimate!!HOUSEHOLDS BY TYPE!!Total households!!Family households (families)!!Male householder, no wife present, family",4.2,6.1,5.8,5.0,6.1,4.5,4.9,5.0,3.5,5.0,4.8,5.1,4.5,4.7,5.0,4.5,4.1,4.8,5.1,4.3,4.6,4.2,4.9,4.4,4.2,4.5,4.1,4.5,7.0,4.2,4.9,5.7,4.9,4.5,4.1,4.9,5.3,4.7,4.7,4.9,4.5,4.3,4.9,5.2,4.9,4.5,4.6,4.6,4.7,4.6,4.8,3.7
"Percent Estimate!!HOUSEHOLDS BY TYPE!!Total households!!Family households (families)!!Male householder, no wife present, family!!With own children of the householder under 18 years",1.9,3.0,3.0,2.4,2.5,2.2,2.3,2.4,1.6,2.0,2.1,1.6,2.3,2.1,2.7,2.6,2.3,2.3,2.4,2.1,2.1,1.6,2.4,2.3,1.6,2.3,2.5,2.5,3.2,2.1,1.9,2.8,1.9,2.1,2.4,2.5,2.8,2.2,2.3,2.1,2.1,2.3,2.3,2.3,2.3,2.1,2.2,2.0,2.4,2.0,2.6,2.0
"Percent Estimate!!HOUSEHOLDS BY TYPE!!Total households!!Family households (families)!!Female householder, no husband present, family",13.9,9.5,12.0,13.7,12.9,9.5,12.7,12.6,13.3,12.8,15.0,12.9,9.4,12.3,11.7,9.5,9.6,12.5,15.4,9.0,13.6,11.8,12.0,9.0,17.1,11.6,8.0,9.3,12.3,8.5,12.6,13.3,14.0,13.0,8.0,12.5,12.6,9.6,11.6,13.0,14.3,9.5,12.9,13.8,12.4,9.1,8.0,11.7,10.0,11.0,9.4,8.3
"Percent Estimate!!HOUSEHOLDS BY TYPE!!Total households!!Family households (families)!!Female householder, no husband present, family!!With own children of the householder under 18 years",6.9,5.4,6.2,7.7,6.0,5.1,6.6,6.4,6.8,6.2,7.9,5.0,5.3,6.4,6.6,6.1,5.8,6.6,8.3,5.1,6.5,6.0,6.3,5.4,8.9,6.3,4.7,6.0,6.4,4.6,5.7,6.8,6.4,6.9,5.3,7.0,7.3,5.3,5.9,6.8,7.1,6.2,6.7,7.6,6.4,4.9,4.5,5.8,5.4,5.6,5.6,5.2
Percent Estimate!!HOUSEHOLDS BY TYPE!!Total households!!Nonfamily households,34.5,34.2,34.5,33.5,31.7,36.9,35.3,35.2,57.7,35.6,33.3,30.4,31.6,35.9,35.2,36.9,35.9,34.3,36.4,39.9,33.6,37.3,36.3,36.3,34.3,36.3,38.4,36.6,37.5,35.7,31.3,37.6,37.1,34.6,41.2,37.6,33.8,37.3,36.2,39.1,34.7,36.4,34.4,31.2,34.8,25.5,40.4,34.0,35.1,37.1,37.3,37.2
Percent Estimate!!HOUSEHOLDS BY TYPE!!Total households!!Nonfamily households!!Householder living alone,29.9,26.0,27.0,28.2,24.0,28.1,29.1,28.9,45.6,29.0,27.5,24.5,25.4,29.6,28.9,29.6,29.2,28.1,30.6,30.8,27.3,29.0,29.6,28.7,29.6,29.7,30.0,29.6,29.4,27.6,26.0,31.1,29.9,28.5,32.0,31.1,28.0,27.3,29.9,31.5,29.0,29.2,28.0,25.5,28.0,19.4,31.3,27.5,26.2,31.1,29.5,29.1
Percent Estimate!!HOUSEHOLDS BY TYPE!!Total households!!Nonfamily households!!Householder living alone!!65 years and over,11.6,8.1,11.3,11.2,9.6,9.7,12.2,10.9,11.5,13.1,9.6,10.7,10.4,11.5,11.1,12.2,11.3,11.0,11.0,13.8,10.6,12.0,12.1,11.1,11.5,11.6,12.1,11.8,10.1,11.4,11.1,12.3,12.1,10.9,11.0,12.0,11.2,11.9,12.8,13.5,11.5,11.3,10.8,8.4,11.0,7.2,13.0,10.7,10.2,13.6,11.7,10.8
Percent Estimate!!HOUSEHOLDS BY TYPE!!Total households!!Households with one or more people under 18 years,29.5,34.2,30.4,31.2,33.4,30.0,29.2,27.6,19.6,26.2,32.8,31.1,31.9,30.1,30.6,29.4,31.2,31.1,30.5,24.3,31.4,28.5,28.1,29.6,31.2,28.5,26.9,31.0,29.4,25.8,31.6,28.2,28.6,30.1,27.3,28.6,32.8,27.7,27.5,27.3,28.7,29.6,30.2,35.7,30.3,40.3,24.3,30.8,30.1,26.5,27.9,28.1
Percent Estimate!!HOUSEHOLDS BY TYPE!!Total households!!Households with one or more people 65 years and over,31.1,24.7,33.1,30.3,29.9,26.3,31.0,33.7,22.5,37.2,27.1,37.9,29.9,28.9,28.4,29.2,28.3,29.5,29.1,34.4,29.6,30.8,30.8,27.9,30.2,29.6,32.2,27.9,29.3,31.9,31.5,32.6,31.4,29.5,25.3,29.9,29.2,31.9,32.5,31.9,32.4,28.9,29.7,25.5,30.1,24.0,33.2,29.3,28.5,35.0,29.1,29.3
Estimate!!HOUSEHOLDS BY TYPE!!Total households!!Average household size,2.57,2.79,2.68,2.53,2.96,2.56,2.51,2.56,2.31,2.67,2.70,3.02,2.69,2.56,2.50,2.41,2.50,2.50,2.61,2.28,2.66,2.54,2.47,2.50,2.61,2.44,2.40,2.45,2.65,2.47,2.69,2.58,2.57,2.52,2.30,2.43,2.58,2.50,2.44,2.50,2.57,2.46,2.54,2.87,2.63,3.12,2.30,2.61,2.55,2.39,2.39,2.45
Estimate!!HOUSEHOLDS BY TYPE!!Total households!!Average family size,3.21,3.39,3.29,3.10,3.56,3.16,3.12,3.17,3.38,3.31,3.31,3.61,3.24,3.21,3.09,2.99,3.11,3.06,3.30,2.85,3.27,3.16,3.07,3.09,3.27,3.05,3.00,3.05,3.33,3.03,3.27,3.28,3.24,3.10,2.95,3.05,3.16,3.05,3.04,3.19,3.18,3.05,3.13,3.50,3.24,3.61,2.88,3.18,3.09,2.99,2.97,3.05
Percent Estimate!!MARITAL STATUS!!Males 15 years and over!!Never married,34.1,37.3,36.7,32.3,40.9,36.0,38.1,37.4,59.5,35.8,37.8,38.4,31.1,38.4,34.7,34.0,33.0,32.4,39.2,32.1,37.5,39.8,36.6,35.6,36.6,33.8,32.1,33.7,37.2,34.4,37.2,38.4,40.5,34.9,37.4,36.4,33.0,34.4,37.0,42.9,35.7,34.4,34.0,37.1,37.0,33.4,35.9,35.7,35.2,31.9,35.5,30.3
"Percent Estimate!!MARITAL STATUS!!Males 15 years and over!!Now married, except separated",49.3,49.2,48.0,50.8,47.8,50.2,49.2,49.4,30.6,47.8,48.4,50.0,54.4,49.2,50.0,52.0,52.8,50.8,45.4,50.6,49.9,48.1,49.0,51.8,46.8,50.7,52.3,53.3,45.7,51.5,52.1,45.6,47.8,50.7,50.3,48.2,50.2,50.3,49.6,43.7,48.5,52.3,50.3,49.7,49.3,55.9,48.9,50.8,51.7,50.0,50.8,52.7
Percent Estimate!!MARITAL STATUS!!Males 15 years and over!!Separated,1.9,1.6,1.5,2.0,1.6,1.2,1.0,1.4,1.9,1.8,1.7,1.1,1.0,1.3,1.1,0.9,1.3,1.9,1.8,1.1,1.5,1.3,1.0,0.9,2.4,1.5,1.0,1.2,1.5,1.0,1.6,1.6,1.8,2.3,0.6,1.5,1.8,1.3,1.8,1.2,2.5,0.7,1.8,1.9,1.6,1.3,1.1,2.0,1.3,1.5,0.9,1.4
Percent Estimate!!MARITAL STATUS!!Males 15 years and over!!Widowed,3.1,2.0,2.7,3.0,2.2,2.2,2.5,3.0,1.5,3.2,2.4,2.5,2.4,2.7,2.9,3.0,2.6,3.0,3.0,3.2,2.4,2.4,2.8,2.3,3.4,3.0,3.0,2.7,2.7,2.6,2.4,2.8,2.5,2.8,2.8,3.0,3.2,2.6,3.0,2.8,3.2,2.3,2.8,2.3,2.6,1.6,2.8,2.8,2.2,3.6,2.6,3.3
Percent Estimate!!MARITAL STATUS!!Males 15 years and over!!Divorced,11.6,9.9,11.1,11.9,7.5,10.3,9.3,8.8,6.4,11.4,9.7,8.0,11.1,8.4,11.3,10.1,10.3,11.9,10.5,13.0,8.7,8.4,10.6,9.4,10.8,11.1,11.5,9.1,12.9,10.5,6.8,11.6,7.3,9.4,8.9,11.0,12.0,11.3,8.7,9.4,10.1,10.3,11.1,9.1,9.5,7.9,11.3,8.7,9.6,12.9,10.1,12.2
Percent Estimate!!MARITAL STATUS!!Females 15 years and over!!Never married,28.1,29.5,30.0,26.5,33.9,28.9,32.0,31.1,56.9,28.7,32.4,29.4,24.7,32.5,28.6,26.9,26.4,25.9,34.1,25.0,32.8,34.7,30.4,29.1,31.9,27.3,25.0,27.3,29.8,27.0,31.6,31.5,35.5,29.4,27.3,30.2,25.9,27.7,30.6,35.9,30.4,28.4,28.0,30.9,30.7,27.7,28.3,29.7,27.5,24.9,29.1,24.7
"Percent Estimate!!MARITAL STATUS!!Females 15 years and over!!Now married, except separated",45.7,50.3,46.2,46.7,45.3,49.5,45.3,45.4,25.5,43.9,44.2,49.2,53.8,46.0,47.9,50.5,51.3,47.9,41.7,48.8,45.4,44.6,46.7,51.0,42.0,48.4,51.2,51.5,44.9,50.0,47.4,43.5,42.7,46.2,53.3,45.5,47.9,48.9,46.7,40.9,44.4,50.0,47.0,46.7,46.3,55.0,48.6,47.7,50.5,48.0,49.9,53.1
Percent Estimate!!MARITAL STATUS!!Females 15 years and over!!Separated,2.7,1.4,2.0,2.4,2.4,1.7,1.5,1.9,2.2,2.4,2.5,1.5,1.4,1.7,1.5,1.2,1.5,2.6,2.6,0.9,2.3,1.9,1.3,1.2,3.0,2.0,1.5,1.3,2.0,1.3,2.1,1.8,2.7,2.9,0.9,1.8,2.2,1.7,2.3,1.6,2.8,1.5,2.5,2.8,2.2,1.6,1.0,2.5,1.6,1.3,1.2,1.3
Percent Estimate!!MARITAL STATUS!!Females 15 years and over!!Widowed,10.3,5.9,8.5,10.2,7.7,6.7,8.8,8.5,5.9,10.2,8.2,10.0,7.3,8.7,8.8,9.4,8.6,9.9,9.5,9.5,8.0,8.0,9.0,7.4,10.7,9.1,9.1,8.7,7.7,8.8,8.9,8.6,8.9,9.4,8.5,9.3,9.7,7.7,9.9,9.5,10.1,8.5,9.3,7.8,8.7,5.5,8.5,8.6,7.2,11.2,8.4,7.6
Percent Estimate!!MARITAL STATUS!!Females 15 years and over!!Divorced,13.2,12.9,13.3,14.3,10.8,13.2,12.4,13.0,9.5,14.8,12.7,10.0,12.8,11.0,13.2,11.9,12.2,13.6,12.1,15.9,11.5,10.8,12.6,11.3,12.4,13.2,13.3,11.2,15.6,12.9,10.1,14.6,10.2,12.1,10.0,13.2,14.2,14.1,10.6,12.1,12.3,11.6,13.3,11.8,12.1,10.2,13.7,11.6,13.3,14.6,11.4,13.3
Percent Estimate!!FERTILITY!!Number of women 15 to 50 years old who had a birth in the past 12 months,66070,10747,92780,39677,454027,71267,35625,10138,8651,230832,122525,18527,23502,158848,89630,40916,41218,56995,62709,14372,72172,74345,115629,76157,35639,80307,11388,25692,36733,13925,105146,23984,216046,119280,11264,146391,51095,45820,147829,10910,63951,11346,83897,383580,3956960,52085,5767,99351,92209,18926,68743,8297
Percent Estimate!!SCHOOL ENROLLMENT!!Population 3 years and over enrolled in school,1174781,185581,1762743,723650,10383463,1404986,887421,223499,173303,4811682,2776278,325091,451266,3173587,1657592,791595,770432,1049367,1149802,270425,1526382,1732315,2399567,1403727,772346,1469063,238739,505974,701302,303448,2194158,521738,4672225,2520040,187877,2777251,1003616,961805,2926454,245923,1202171,219023,1583282,7735600,80916775,1011152,141446,2124272,1776612,376972,1391258,144493
Percent Estimate!!EDUCATIONAL ATTAINMENT!!Population 25 years and over!!Less than 9th grade,3.9,2.5,5.3,4.6,8.9,3.3,3.9,3.9,3.3,4.6,4.4,3.9,3.6,4.6,3.7,3.1,3.7,5.3,4.7,2.6,3.7,4.4,2.8,2.7,5.1,2.9,1.8,3.8,5.2,2.4,4.7,6.0,6.1,4.3,3.4,2.7,3.8,3.6,3.1,4.7,3.6,2.8,4.5,8.0,5.0,2.5,1.9,3.9,3.5,3.9,2.7,1.8
"Percent Estimate!!EDUCATIONAL ATTAINMENT!!Population 25 years and over!!9th to 12th grade, no diploma",9.5,4.2,7.2,8.2,7.3,4.9,5.2,6.3,4.6,6.9,8.0,4.2,5.5,5.9,7.3,4.6,5.3,7.9,9.5,4.4,5.8,4.9,6.2,4.0,9.5,6.7,4.3,4.8,7.8,4.4,5.1,8.6,6.8,7.5,4.3,6.6,7.8,5.9,5.9,6.2,8.0,4.9,7.7,8.0,6.7,5.1,4.6,6.2,4.9,8.3,5.2,4.9
Percent Estimate!!EDUCATIONAL ATTAINMENT!!Population 25 years and over!!High school graduate (includes equivalency),30.8,28.3,24.0,34.0,20.7,20.8,26.9,33.2,16.6,28.7,27.8,26.8,27.8,26.1,33.1,30.8,25.4,32.6,34.3,31.4,24.2,23.3,28.7,24.2,29.8,30.4,27.9,25.8,27.7,27.7,26.3,26.1,25.9,25.4,25.9,32.7,31.3,22.2,34.6,28.4,29.9,31.0,31.8,25.0,26.9,22.6,28.6,24.0,21.7,39.7,30.6,28.8
"Percent Estimate!!EDUCATIONAL ATTAINMENT!!Population 25 years and over!!Some college, no degree",21.6,26.6,25.0,22.3,20.8,20.9,16.6,17.7,12.3,19.7,19.8,20.6,25.5,20.3,19.9,20.6,22.8,20.8,20.8,20.4,18.7,15.3,23.2,20.8,22.3,22.4,24.5,22.4,25.9,18.4,16.4,23.6,15.2,21.1,21.9,20.4,23.5,25.2,15.9,18.0,20.1,19.9,21.0,21.4,20.3,24.7,17.7,18.7,23.0,19.2,20.5,26.4
Percent Estimate!!EDUCATIONAL ATTAINMENT!!Population 25 years and over!!Associate's degree,8.6,8.2,8.9,7.6,8.0,8.4,7.9,7.6,2.8,9.7,8.1,11.1,9.9,8.1,8.9,11.8,8.9,8.6,6.5,9.7,6.8,7.6,9.6,11.7,10.1,8.2,9.7,10.9,8.4,10.2,6.6,8.0,8.7,9.9,14.9,8.6,8.0,9.1,8.6,8.3,10.2,12.2,7.5,7.2,8.6,10.2,8.6,7.8,10.2,7.5,11.0,11.2
Percent Estimate!!EDUCATIONAL ATTAINMENT!!Population 25 years and over!!Bachelor's degree,16.1,18.5,18.6,14.7,21.3,26.0,21.8,18.3,25.9,19.1,19.5,22.0,18.7,21.1,17.3,19.6,21.1,14.5,15.9,20.1,21.9,24.4,18.0,24.2,14.4,18.0,20.7,21.3,16.2,22.4,24.8,15.7,20.8,20.5,22.1,17.8,16.7,21.0,19.2,19.9,18.0,20.2,17.3,19.6,20.0,22.8,23.1,22.3,22.8,12.8,19.4,16.9
Percent Estimate!!EDUCATIONAL ATTAINMENT!!Population 25 years and over!!Graduate or professional degree,9.5,11.7,11.2,8.6,12.9,15.7,17.8,13.1,34.5,11.3,12.3,11.5,9.0,14.0,9.8,9.4,12.8,10.3,8.4,11.4,18.9,20.1,11.5,12.5,8.8,11.5,11.0,11.1,8.7,14.5,16.0,12.0,16.4,11.4,7.6,11.1,9.0,12.9,12.7,14.5,10.4,9.0,10.2,10.7,12.6,12.0,15.6,17.1,13.9,8.5,10.6,10.0
Percent Estimate!!EDUCATIONAL ATTAINMENT!!Population 25 years and over!!High school graduate or higher,86.6,93.3,87.5,87.2,83.8,91.9,90.9,89.8,92.1,88.5,87.6,92.0,90.9,89.5,89.0,92.3,91.0,86.8,85.8,93.0,90.5,90.8,91.1,93.4,85.4,90.5,93.9,91.4,86.9,93.1,90.2,85.4,87.1,88.2,92.3,90.7,88.4,90.5,91.0,89.1,88.4,92.3,87.8,84.0,88.3,92.4,93.5,89.9,91.6,87.8,92.1,93.3
Percent Estimate!!EDUCATIONAL ATTAINMENT!!Population 25 years and over!!Bachelor's degree or higher,25.5,30.2,29.7,23.3,34.2,41.7,39.6,31.3,60.4,30.4,31.9,33.5,27.7,35.1,27.1,29.0,33.8,24.8,24.3,31.5,40.8,44.5,29.6,36.7,23.2,29.5,31.7,32.4,24.9,36.8,40.8,27.7,37.2,31.9,29.7,29.0,25.6,34.0,31.8,34.4,28.3,29.2,27.5,30.3,32.6,34.9,38.7,39.3,36.7,21.3,30.0,26.9
Percent Estimate!!VETERAN STATUS!!Civilian population 18 years and over,3786286,536272,5510663,2306307,30441085,4395702,2830420,760607,572730,17020961,7973719,1076576,1305463,9871480,5121007,2421401,2190632,3449056,3546810,1088320,4671973,5530966,7827910,4306817,2270255,4731982,829161,1448974,2336743,1096924,6946512,1605886,15455196,7996355,579101,9090982,2968153,3315485,10153364,849373,3948709,664850,5244775,21221287,252806449,2225558,510015,6530057,5824043,1441554,4537062,440930
Percent Estimate!!VETERAN STATUS!!Civilian population 18 years and over!!Civilian veterans,8.6,12.6,9.0,8.1,5.1,8.4,5.8,8.8,4.1,8.5,7.6,9.6,9.3,5.7,7.4,7.6,8.2,7.6,7.0,9.7,7.8,5.3,6.8,6.8,7.2,8.1,10.2,8.1,9.0,8.6,4.4,9.1,4.4,8.3,7.8,7.5,9.0,8.4,7.3,6.5,9.2,8.2,8.2,6.8,7.1,5.4,6.7,10.3,8.9,8.8,7.2,10.3
Percent Estimate!!DISABILITY STATUS OF THE CIVILIAN NONINSTITUTIONALIZED POPULATION!!Total Civilian Noninstitutionalized Population!!With a disability,16.3,12.6,13.3,17.7,10.4,10.7,10.8,13.2,11.6,13.5,12.1,11.6,13.5,11.1,13.6,11.7,13.7,17.4,15.4,16.6,11.4,11.6,14.2,11.0,16.5,14.5,13.4,11.8,12.5,13.0,10.2,15.8,11.4,13.3,10.9,14.1,16.3,14.0,14.1,14.1,14.4,12.1,15.4,11.4,12.6,9.6,14.5,12.0,12.6,19.1,11.6,12.8
Percent Estimate!!RESIDENCE 1 YEAR AGO!!Population 1 year and over!!Different house in the U.S.!!Different county!!Different state,2.3,4.4,3.9,2.5,1.3,4.2,2.4,3.6,6.9,2.8,2.6,3.9,4.6,1.6,2.2,2.4,3.3,2.5,1.8,2.6,2.7,2.1,1.4,1.8,2.3,2.5,4.1,2.9,4.2,3.6,1.8,2.9,1.3,3.1,4.5,1.7,2.7,3.4,2.0,3.1,3.7,3.1,3.1,2.0,2.3,3.2,4.2,3.3,3.5,2.5,2.0,4.5
Percent Estimate!!PLACE OF BIRTH!!Total population!!Native!!Born in United States!!Different state,26.4,48.3,45.5,32.9,15.9,46.7,26.9,44.1,46.6,39.2,33.7,25.3,46.3,17.8,26.1,23.9,32.3,26.6,17.0,32.9,35.9,19.7,16.0,23.1,25.2,28.7,44.1,27.6,51.9,51.7,22.9,34.3,12.0,34.9,31.2,19.5,31.8,43.1,19.1,25.9,38.2,32.2,34.6,21.8,26.6,29.1,44.9,36.1,37.2,29.2,23.1,53.5
Percent Estimate!!PLACE OF BIRTH!!Total population!!Foreign born,3.3,8.2,13.4,4.8,26.9,9.6,14.6,9.4,13.9,21.0,10.1,18.7,6.0,14.1,5.3,5.5,7.2,3.8,4.2,3.5,15.1,17.4,7.0,8.6,2.4,4.2,2.2,7.2,19.4,6.1,22.8,9.5,22.8,7.9,4.7,4.8,6.0,10.3,7.2,13.2,5.1,4.0,5.1,17.2,13.7,8.6,4.9,12.5,14.7,1.5,5.1,3.0
Percent Estimate!!U.S. CITIZENSHIP STATUS!!Foreign-born population!!Naturalized U.S. citizen,41.3,59.7,45.0,35.0,52.5,45.0,53.0,46.8,45.3,56.9,45.1,58.5,43.2,51.7,40.9,39.0,40.1,40.6,39.9,52.5,53.5,53.7,53.6,52.7,37.5,49.3,58.1,40.0,51.4,61.5,58.7,41.1,58.4,39.1,44.5,52.8,37.4,45.3,53.8,60.7,43.3,36.1,40.3,37.7,50.6,41.2,60.7,53.9,48.7,51.8,47.8,36.0
"Percent Estimate!!WORLD REGION OF BIRTH OF FOREIGN BORN!!Foreign-born population, excluding population born at sea",162567,60784,960275,143709,10625936,549181,520262,91230,97846,4475431,1064073,266147,105228,1791313,354348,175137,209352,169346,195027,47418,915191,1198148,695217,484192,70860,258390,23366,138953,587686,83002,2033292,198522,4447165,824177,35824,555442,236882,432410,922561,139063,256765,35175,348562,4928025,44728502,271222,30813,1065076,1104850,27605,297928,17528
Percent Estimate!!LANGUAGE SPOKEN AT HOME!!Population 5 years and over!!English only,94.7,83.7,72.5,92.3,55.4,83.3,77.9,86.9,83.1,70.3,86.0,72.5,89.1,76.5,91.1,91.2,88.2,94.4,92.4,93.9,80.7,75.7,90.2,87.8,96.3,93.7,95.6,88.8,69.1,92.2,68.3,65.9,69.3,88.0,92.6,92.7,89.3,84.1,88.1,78.3,92.6,93.2,92.7,64.2,78.1,84.2,94.4,83.6,80.0,97.5,91.2,93.0
Percent Estimate!!LANGUAGE SPOKEN AT HOME!!Population 5 years and over!!Language other than English,5.3,16.3,27.5,7.7,44.6,16.7,22.1,13.1,16.9,29.7,14.0,27.5,10.9,23.5,8.9,8.8,11.8,5.6,7.6,6.1,19.3,24.3,9.8,12.2,3.7,6.3,4.4,11.2,30.9,7.8,31.7,34.1,30.7,12.0,7.4,7.3,10.7,15.9,11.9,21.7,7.4,6.8,7.3,35.8,21.9,15.8,5.6,16.4,20.0,2.5,8.8,7.0
Percent Estimate!!ANCESTRY!!Total population!!American,17.5,3.5,3.6,10.8,2.9,3.5,4.0,-888888888.0,2.5,8.2,11.0,1.2,6.5,3.6,7.4,4.6,6.1,14.3,7.5,6.7,4.5,4.0,5.2,2.9,10.4,7.2,5.6,3.6,3.5,4.1,3.0,4.2,5.0,10.4,2.1,6.6,8.0,4.8,4.5,3.4,10.7,3.6,12.0,5.6,6.0,4.4,7.8,8.8,3.7,10.2,3.1,4.6
Percent Estimate!!ANCESTRY!!Total population!!Arab,0.3,0.1,0.6,0.1,0.8,0.4,0.7,-888888888.0,0.7,0.7,0.3,0.2,0.3,0.8,0.3,0.3,0.3,0.4,0.5,0.4,0.6,1.1,2.0,0.5,0.3,0.4,0.2,0.4,0.4,0.4,1.2,0.3,0.9,0.4,0.7,0.8,0.3,0.5,0.6,0.8,0.2,0.3,0.6,0.5,0.6,0.3,0.2,0.9,0.5,0.4,0.3,0.1
state,01,02,04,05,06,08,09,10,11,12,13,15,16,17,18,19,20,21,22,23,24,25,26,27,28,29,30,31,32,33,34,35,36,37,38,39,40,41,42,44,45,46,47,48,0,49,50,51,53,54,55,56
Percent Estimate!!ANCESTRY!!Total population!!Czech,0.1,0.7,0.3,0.2,0.2,0.6,0.3,-888888888.0,0.3,0.2,0.1,0.1,0.3,0.7,0.2,1.6,0.7,0.1,0.1,0.2,0.3,0.2,0.4,1.4,0.1,0.4,0.6,4.2,0.4,0.2,0.2,0.2,0.2,0.2,1.4,0.5,0.3,0.5,0.3,0.1,0.1,2.2,0.1,0.6,0.4,0.2,0.2,0.2,0.4,0.2,1.5,0.5
Percent Estimate!!ANCESTRY!!Total population!!Danish,0.1,0.7,0.6,0.1,0.4,0.7,0.3,-888888888.0,0.2,0.2,0.1,0.3,1.5,0.3,0.1,1.7,0.5,0.1,0.1,0.4,0.2,0.2,0.3,1.3,0.1,0.3,1.2,1.9,0.6,0.3,0.2,0.3,0.2,0.2,0.9,0.1,0.2,0.9,0.1,0.1,0.1,1.9,0.1,0.2,0.4,4.5,0.3,0.2,0.8,0.1,1.0,1.4
Percent Estimate!!ANCESTRY!!Total population!!Dutch,0.6,1.2,1.1,1.1,0.8,1.6,0.6,-888888888.0,0.7,0.8,0.6,0.5,2.1,1.1,1.7,3.8,1.6,0.8,0.4,0.9,0.7,0.5,4.3,1.6,0.5,1.2,1.7,1.7,0.9,0.8,0.9,0.7,1.0,0.8,1.2,1.2,1.1,1.7,1.3,0.3,0.8,4.1,0.9,0.6,1.1,1.8,1.2,0.7,1.8,1.5,2.3,2.0
Percent Estimate!!ANCESTRY!!Total population!!English,6.7,7.1,7.7,6.9,4.8,9.3,8.0,-888888888.0,5.2,6.4,6.8,3.8,15.9,5.3,7.6,7.3,9.4,10.0,4.7,17.8,6.6,8.8,8.2,5.2,5.7,7.8,10.9,7.5,6.6,15.8,4.6,6.2,4.8,8.5,4.3,7.8,6.8,10.4,6.8,10.2,7.6,5.8,8.3,5.5,7.0,22.2,16.2,8.9,9.2,10.8,5.3,12.1
Percent Estimate!!ANCESTRY!!Total population!!French (except Basque),1.4,2.3,2.2,1.5,1.5,2.4,4.5,-888888888.0,1.4,2.0,1.2,1.5,2.5,1.6,1.9,1.9,2.3,1.5,10.3,13.0,1.4,5.5,3.7,3.3,2.3,2.8,3.2,1.9,1.9,11.9,1.1,1.5,1.9,1.5,2.6,2.0,1.7,2.8,1.5,8.8,1.6,2.6,1.6,1.7,2.2,1.8,10.3,1.6,2.8,1.3,2.9,2.3
Percent Estimate!!ANCESTRY!!Total population!!French Canadian,0.2,0.7,0.4,0.2,0.2,0.5,2.5,-888888888.0,0.3,0.6,0.2,0.2,0.4,0.3,0.3,0.2,0.3,0.1,3.3,8.5,0.3,3.4,1.5,0.9,0.2,0.2,0.7,0.3,0.4,9.2,0.2,0.3,0.6,0.4,0.7,0.2,0.2,0.6,0.2,5.0,0.3,0.4,0.2,0.2,0.6,0.2,8.6,0.4,0.6,0.1,0.9,0.5
Percent Estimate!!ANCESTRY!!Total population!!German,5.8,13.7,12.0,9.0,6.7,17.8,8.1,-888888888.0,6.8,8.8,6.1,4.9,16.3,16.4,19.9,31.9,23.7,12.5,6.5,7.5,11.8,5.4,18.1,31.0,4.4,21.5,22.6,31.7,9.8,7.8,9.7,6.9,8.9,9.2,37.8,22.8,11.4,16.6,22.4,4.2,9.0,35.0,8.8,8.1,12.6,9.9,9.2,10.0,15.4,14.7,37.1,21.0
Percent Estimate!!ANCESTRY!!Total population!!Greek,0.2,0.2,0.3,0.1,0.3,0.4,0.8,-888888888.0,0.3,0.4,0.2,0.2,0.2,0.8,0.4,0.2,0.1,0.1,0.2,0.4,0.5,1.2,0.5,0.2,0.1,0.2,0.2,0.2,0.5,1.4,0.7,0.2,0.8,0.3,0.1,0.5,0.1,0.3,0.5,0.7,0.2,0.2,0.2,0.2,0.4,0.4,0.6,0.4,0.3,0.2,0.3,0.2
Percent Estimate!!ANCESTRY!!Total population!!Hungarian,0.2,0.3,0.4,0.1,0.3,0.4,0.9,-888888888.0,0.4,0.4,0.2,0.2,0.1,0.4,0.5,0.1,0.2,0.1,0.1,0.3,0.4,0.3,0.9,0.2,0.1,0.3,0.4,0.2,0.4,0.4,1.0,0.2,0.7,0.3,0.2,1.5,0.1,0.4,0.9,0.1,0.2,0.1,0.2,0.1,0.4,0.2,0.6,0.3,0.3,0.3,0.4,0.4
Percent Estimate!!ANCESTRY!!Total population!!Irish,7.7,9.5,8.6,9.1,5.7,10.7,15.0,-888888888.0,6.4,8.2,6.7,4.0,9.2,10.8,10.1,12.8,10.8,11.3,6.1,16.0,9.8,18.9,10.0,9.9,6.5,12.3,13.6,11.9,7.9,19.4,13.1,5.3,10.8,7.8,7.8,12.4,9.7,10.9,15.2,17.4,8.0,9.6,9.0,5.8,9.4,5.7,16.7,8.9,10.1,12.8,10.5,11.2
Percent Estimate!!ANCESTRY!!Total population!!Italian,1.5,2.6,4.1,1.5,3.5,4.7,16.4,-888888888.0,3.9,5.7,2.2,1.9,3.0,5.7,2.7,1.9,2.1,2.0,4.5,6.4,5.0,11.8,4.6,2.3,1.8,3.3,3.9,2.6,5.4,10.5,15.0,2.2,11.7,3.1,1.2,6.2,1.7,3.6,11.1,15.1,3.2,1.1,2.2,1.7,5.0,2.6,6.8,3.8,3.4,4.6,3.5,2.9
Percent Estimate!!ANCESTRY!!Total population!!Lithuanian,0.0,0.1,0.2,0.1,0.1,0.2,0.6,-888888888.0,0.5,0.2,0.1,0.0,0.1,0.6,0.2,0.1,0.1,0.1,0.0,0.3,0.2,0.6,0.3,0.1,0.0,0.1,0.2,0.1,0.2,0.7,0.3,0.1,0.2,0.1,0.0,0.2,0.0,0.1,0.5,0.3,0.1,0.0,0.1,0.1,0.2,0.1,0.4,0.2,0.2,0.1,0.2,0.1
Percent Estimate!!ANCESTRY!!Total population!!Norwegian,0.4,2.7,1.7,0.5,0.9,2.1,0.5,-888888888.0,0.5,0.6,0.4,0.7,2.8,1.2,0.6,4.8,0.9,0.3,0.3,0.9,0.5,0.6,0.8,13.9,0.2,0.8,9.0,1.9,1.3,0.8,0.4,0.7,0.4,0.4,23.3,0.4,0.7,3.2,0.3,0.4,0.4,12.9,0.4,0.5,1.3,2.4,1.0,0.6,4.8,0.3,7.4,3.8
Percent Estimate!!ANCESTRY!!Total population!!Polish,0.6,1.9,2.3,0.6,1.1,2.3,6.9,-888888888.0,1.9,2.3,1.0,0.9,1.2,6.6,2.8,1.3,1.2,0.9,0.4,2.1,3.0,4.1,8.0,4.3,0.4,1.6,1.7,3.3,1.8,4.2,5.3,0.9,4.4,1.5,2.0,3.7,0.8,1.5,6.1,3.5,1.4,1.4,1.1,1.0,2.7,0.8,3.7,1.8,1.8,1.7,8.4,1.9
Percent Estimate!!ANCESTRY!!Total population!!Portuguese,0.1,0.3,0.2,0.1,0.8,0.2,1.4,-888888888.0,0.2,0.4,0.1,3.3,0.3,0.1,0.0,0.1,0.1,0.1,0.1,0.6,0.2,4.1,0.1,0.1,0.1,0.1,0.2,0.1,0.6,1.3,0.8,0.2,0.3,0.2,0.0,0.1,0.2,0.5,0.2,7.6,0.2,0.1,0.1,0.1,0.4,0.2,0.4,0.2,0.3,0.0,0.1,0.3
Percent Estimate!!ANCESTRY!!Total population!!Russian,0.1,1.3,0.6,0.2,0.9,1.0,1.3,-888888888.0,1.2,0.9,0.3,0.4,0.4,0.8,0.3,0.3,0.5,0.3,0.1,0.6,1.1,1.4,0.6,0.7,0.2,0.4,1.0,0.6,0.8,0.9,1.8,0.4,1.8,0.4,3.0,0.6,0.2,1.1,1.2,0.7,0.4,1.1,0.3,0.3,0.8,0.4,1.1,0.5,1.2,0.3,0.6,0.7
Percent Estimate!!ANCESTRY!!Total population!!Scotch-Irish,1.5,1.4,0.8,1.1,0.5,1.2,0.5,-888888888.0,0.6,0.8,1.1,0.5,1.1,0.6,0.8,0.7,1.0,1.3,0.6,1.5,0.7,0.7,0.7,0.5,1.4,1.1,1.5,0.8,0.6,1.5,0.4,0.8,0.3,2.3,0.7,0.9,1.0,1.2,1.1,0.5,2.0,0.7,2.1,0.8,0.9,0.7,1.1,1.5,1.1,1.7,0.4,1.4
Percent Estimate!!ANCESTRY!!Total population!!Scottish,1.9,2.1,1.7,1.7,1.1,2.4,1.5,-888888888.0,1.3,1.4,1.6,1.0,2.9,1.1,1.6,1.4,1.8,1.9,0.9,4.3,1.5,2.1,2.1,1.1,1.4,1.7,3.1,1.2,1.5,3.9,1.0,1.3,1.0,2.3,1.2,1.9,1.5,2.7,1.4,1.6,2.2,1.0,2.0,1.3,1.6,3.8,3.8,2.0,2.6,1.8,1.0,3.0
Percent Estimate!!ANCESTRY!!Total population!!Slovak,0.0,0.0,0.2,0.0,0.1,0.1,0.4,-888888888.0,0.2,0.1,0.1,0.0,0.1,0.3,0.3,0.1,0.0,0.1,0.0,0.1,0.2,0.1,0.2,0.1,0.1,0.1,0.1,0.0,0.1,0.1,0.4,0.0,0.1,0.1,0.1,0.9,0.0,0.1,1.4,0.0,0.1,0.1,0.1,0.0,0.2,0.1,0.1,0.2,0.1,0.2,0.2,0.1
Percent Estimate!!ANCESTRY!!Total population!!Subsaharan African,1.0,0.9,0.9,0.8,0.8,0.9,1.2,-888888888.0,3.7,0.7,2.0,0.2,0.3,1.0,0.8,1.0,0.6,0.7,1.1,0.9,4.4,2.3,0.8,3.2,0.5,0.8,0.1,0.9,1.4,0.7,1.3,0.3,1.5,1.2,2.0,1.4,0.6,0.7,1.0,3.3,1.3,1.1,1.3,1.5,1.2,0.6,0.5,2.5,1.6,0.4,0.5,0.3
Percent Estimate!!ANCESTRY!!Total population!!Swedish,0.2,1.6,1.4,0.4,0.9,2.1,1.4,-888888888.0,0.9,0.7,0.4,0.6,2.8,2.0,0.8,2.6,2.1,0.4,0.3,1.7,0.5,1.5,1.3,7.4,0.3,1.0,2.9,3.4,1.1,1.7,0.5,0.6,0.6,0.5,3.9,0.5,0.6,2.3,0.8,1.5,0.5,3.2,0.5,0.5,1.1,3.7,1.9,0.6,2.9,0.4,2.4,2.0
Percent Estimate!!ANCESTRY!!Total population!!Swiss,0.1,0.4,0.2,0.2,0.2,0.4,0.2,-888888888.0,0.3,0.2,0.2,0.2,0.7,0.3,0.6,0.4,0.4,0.3,0.0,0.2,0.2,0.1,0.2,0.3,0.0,0.4,0.5,0.4,0.3,0.2,0.2,0.2,0.2,0.2,0.2,0.6,0.2,0.6,0.5,0.1,0.2,0.3,0.2,0.1,0.3,1.1,0.4,0.2,0.4,0.2,0.9,0.4
Percent Estimate!!ANCESTRY!!Total population!!Ukrainian,0.1,0.4,0.2,0.0,0.3,0.2,0.5,-888888888.0,0.5,0.3,0.1,0.1,0.2,0.4,0.1,0.1,0.2,0.1,0.0,0.2,0.4,0.4,0.4,0.2,0.0,0.1,0.2,0.1,0.2,0.3,0.8,0.2,0.7,0.2,0.5,0.3,0.1,0.4,0.9,0.2,0.2,0.1,0.2,0.1,0.3,0.1,0.3,0.2,0.8,0.1,0.2,0.1
Percent Estimate!!ANCESTRY!!Total population!!Welsh,0.4,0.8,0.6,0.4,0.4,0.8,0.4,-888888888.0,0.6,0.5,0.4,0.3,1.3,0.4,0.6,0.6,0.8,0.6,0.3,0.8,0.6,0.3,0.5,0.4,0.3,0.7,0.8,0.6,0.5,0.7,0.4,0.4,0.4,0.5,0.2,1.0,0.5,1.0,1.2,0.2,0.5,0.5,0.6,0.4,0.6,1.8,1.0,0.7,0.9,0.9,0.5,1.0
Percent Estimate!!ANCESTRY!!Total population!!West Indian (excluding Hispanic origin groups),0.2,0.1,0.2,0.1,0.2,0.1,2.5,-888888888.0,1.4,4.3,1.3,0.2,0.0,0.3,0.1,0.1,0.2,0.1,0.2,0.1,1.6,2.1,0.1,0.2,0.1,0.1,0.1,0.1,0.2,0.3,2.0,0.1,3.8,0.5,0.2,0.2,0.4,0.1,0.6,0.9,0.3,0.2,0.2,0.3,0.9,0.0,0.3,0.6,0.2,0.1,0.1,0.0
Percent Estimate!!COMPUTERS AND INTERNET USE!!Total households!!With a computer,87.2,95.6,93.2,88.6,94.4,94.5,92.3,92.9,92.7,93.3,91.7,91.6,93.8,91.5,90.5,90.5,92.1,88.7,87.4,90.3,93.2,92.5,91.1,92.5,86.5,90.7,89.9,91.7,93.6,93.8,93.0,87.9,91.0,91.0,90.3,90.6,90.6,94.4,89.6,89.7,90.3,89.7,89.3,92.4,91.8,96.3,91.7,91.9,94.7,86.2,90.4,93.1
Percent Estimate!!COMPUTERS AND INTERNET USE!!Total households!!With a broadband Internet subscription,79.3,87.5,86.2,76.9,88.7,89.4,87.0,88.4,86.1,85.2,83.7,85.7,86.2,85.1,82.8,83.6,84.3,81.7,78.1,84.0,88.2,87.9,84.1,86.8,76.3,82.9,83.6,85.7,85.9,89.1,88.0,76.9,85.3,83.5,80.3,84.5,81.9,87.9,84.1,85.3,81.5,82.1,82.1,84.5,85.1,90.0,82.5,85.6,90.0,79.0,84.4,85.7
Percent Estimate!!EMPLOYMENT STATUS!!Population 16 years and over!!In labor force,56.8,67.9,59.8,57.9,63.9,68.7,66.0,62.1,70.7,58.7,63.1,65.6,62.1,65.4,64.0,66.9,66.3,59.3,58.9,62.9,67.7,66.8,61.5,69.2,56.6,62.5,63.6,69.1,63.6,67.0,65.8,56.2,62.9,62.4,69.6,63.1,61.2,62.6,62.8,63.8,60.3,68.2,61.3,64.5,63.3,68.1,65.7,65.4,64.6,53.0,66.0,65.8
Percent Estimate!!EMPLOYMENT STATUS!!Population 16 years and over!!In labor force!!Civilian labor force,56.5,64.8,59.4,57.7,63.5,67.9,65.8,61.7,70.3,58.5,62.6,62.0,61.9,65.2,63.9,66.9,65.6,58.9,58.5,62.8,67.0,66.7,61.5,69.1,56.1,62.1,63.2,68.7,63.3,66.9,65.7,55.7,62.7,61.4,68.5,63.0,60.6,62.5,62.7,63.3,59.5,67.7,61.0,64.1,62.9,68.0,65.5,63.6,63.8,52.9,65.9,65.0
Percent Estimate!!EMPLOYMENT STATUS!!Population 16 years and over!!In labor force!!Civilian labor force!!Employed,53.3,60.4,56.3,55.1,60.0,65.3,62.1,58.2,65.0,55.4,59.6,59.7,59.4,61.6,61.1,64.5,63.1,55.9,54.7,60.6,63.7,63.5,58.2,66.8,52.1,59.5,61.0,66.3,59.7,64.5,62.5,52.3,59.6,58.3,66.6,59.9,58.0,59.4,59.7,59.8,56.4,65.7,57.7,61.0,59.8,65.8,63.0,61.0,61.0,49.9,63.8,62.5
Percent Estimate!!EMPLOYMENT STATUS!!Population 16 years and over!!In labor force!!Civilian labor force!!Unemployed,3.2,4.4,3.2,2.6,3.5,2.7,3.6,3.5,5.3,3.0,3.0,2.4,2.5,3.6,2.8,2.4,2.5,3.1,3.7,2.2,3.3,3.2,3.3,2.4,4.0,2.6,2.2,2.4,3.5,2.4,3.2,3.4,3.1,3.1,1.9,3.1,2.6,3.1,3.1,3.5,3.1,2.0,3.4,3.1,3.1,2.2,2.5,2.7,2.7,3.1,2.1,2.5
Percent Estimate!!EMPLOYMENT STATUS!!Population 16 years and over!!In labor force!!Armed Forces,0.3,3.1,0.3,0.2,0.4,0.7,0.2,0.4,0.4,0.3,0.5,3.5,0.2,0.1,0.1,0.1,0.7,0.3,0.4,0.1,0.7,0.1,0.0,0.1,0.4,0.3,0.4,0.4,0.3,0.1,0.2,0.6,0.1,1.1,1.0,0.1,0.6,0.1,0.1,0.5,0.8,0.4,0.3,0.4,0.4,0.2,0.1,1.7,0.8,0.1,0.1,0.8
Percent Estimate!!EMPLOYMENT STATUS!!Population 16 years and over!!Not in labor force,43.2,32.1,40.2,42.1,36.1,31.3,34.0,37.9,29.3,41.3,36.9,34.4,37.9,34.6,36.0,33.1,33.7,40.7,41.1,37.1,32.3,33.2,38.5,30.8,43.4,37.5,36.4,30.9,36.4,33.0,34.2,43.8,37.1,37.6,30.4,36.9,38.8,37.4,37.2,36.2,39.7,31.8,38.7,35.5,36.7,31.9,34.3,34.6,35.4,47.0,34.0,34.2
Percent Estimate!!EMPLOYMENT STATUS!!Females 16 years and over!!In labor force,51.9,63.3,54.9,53.4,57.9,63.4,61.7,58.3,69.5,54.3,58.5,61.2,56.8,60.7,59.3,62.7,61.4,54.8,55.1,59.7,63.8,63.2,57.0,65.9,52.9,58.6,59.9,64.6,59.1,62.6,60.4,52.1,58.6,57.5,64.5,59.0,56.1,58.1,58.7,60.1,56.3,64.8,56.8,57.9,58.5,60.6,63.7,60.4,59.0,49.1,62.4,60.7
Percent Estimate!!EMPLOYMENT STATUS!!Females 16 years and over!!In labor force!!Civilian labor force,51.8,62.6,54.9,53.4,57.8,63.2,61.6,58.3,69.4,54.2,58.4,60.2,56.7,60.6,59.3,62.7,61.2,54.8,55.0,59.7,63.5,63.2,57.0,65.9,52.7,58.5,59.7,64.4,58.9,62.6,60.3,52.0,58.6,57.4,64.3,58.9,55.8,58.1,58.7,60.0,56.0,64.8,56.7,57.8,58.3,60.6,63.7,59.8,58.8,49.1,62.4,60.4
Percent Estimate!!EMPLOYMENT STATUS!!Females 16 years and over!!In labor force!!Civilian labor force!!Employed,48.9,59.3,52.0,51.0,54.5,60.9,58.4,55.1,64.1,51.4,55.4,58.1,54.3,57.3,56.7,60.5,58.8,52.0,51.7,58.0,60.3,60.4,54.2,63.9,48.8,56.4,58.1,62.4,55.7,60.8,57.4,49.0,55.8,54.4,62.6,56.3,53.4,55.2,56.0,57.4,53.0,63.2,53.5,54.9,55.5,58.6,62.0,57.2,56.3,46.6,60.6,58.1
"Percent Estimate!!OCCUPATION!!Civilian employed population 16 years and over!!Management, business, science, and arts occupations",35.2,37.8,36.6,33.7,39.2,43.0,43.4,38.8,64.7,35.4,37.6,34.2,35.5,39.1,34.5,36.3,38.2,34.8,34.4,37.4,46.2,47.5,36.5,41.2,32.4,37.6,36.6,38.1,30.4,40.5,43.4,36.0,41.7,38.4,37.7,37.3,34.4,39.8,38.7,39.1,34.6,35.3,35.7,36.6,38.6,39.0,43.5,44.7,42.0,33.7,36.4,35.2
Percent Estimate!!OCCUPATION!!Civilian employed population 16 years and over!!Service occupations,16.0,18.3,19.8,16.9,18.6,16.3,17.7,18.9,14.4,20.0,16.4,24.3,16.6,17.2,16.4,16.6,16.6,16.9,19.7,18.4,17.4,17.3,17.8,16.1,18.3,16.9,19.5,16.6,24.9,16.5,15.8,20.1,20.3,17.4,18.1,17.1,17.5,18.0,17.3,19.3,18.3,19.1,17.1,17.4,17.8,15.2,17.9,16.4,17.0,19.2,16.4,17.7
Percent Estimate!!OCCUPATION!!Civilian employed population 16 years and over!!Sales and office occupations,21.4,20.1,23.3,21.4,20.9,21.7,21.2,22.1,14.7,24.4,21.9,22.0,22.4,21.7,20.8,20.7,20.6,21.3,21.6,21.4,19.7,19.2,21.0,21.2,20.6,22.0,21.5,21.0,23.2,22.0,22.0,22.7,20.9,20.5,18.4,21.3,22.7,20.3,21.1,21.9,22.1,21.1,22.0,21.8,21.4,23.9,18.2,19.7,19.5,21.9,20.4,19.5
"Percent Estimate!!OCCUPATION!!Civilian employed population 16 years and over!!Natural resources, construction, and maintenance occupations",9.8,11.4,9.0,9.9,9.0,9.1,7.2,8.7,2.5,9.6,8.8,9.2,12.6,7.1,8.6,9.2,9.7,8.9,11.5,10.4,7.8,6.5,7.8,7.8,10.2,8.7,11.5,10.1,9.1,8.6,7.2,11.5,7.0,9.0,12.2,7.5,10.9,9.3,8.1,6.8,9.3,10.1,8.6,11.0,8.8,9.0,9.6,8.2,9.5,10.2,8.6,15.2
"Percent Estimate!!OCCUPATION!!Civilian employed population 16 years and over!!Production, transportation, and material moving occupations",17.6,12.4,11.2,18.1,12.3,10.0,10.5,11.5,3.6,10.7,15.2,10.2,13.0,15.0,19.8,17.2,15.0,18.1,12.8,12.4,8.9,9.4,16.9,13.8,18.5,14.7,10.8,14.2,12.4,12.4,11.5,9.6,10.2,14.7,13.6,16.9,14.4,12.5,14.8,12.9,15.7,14.3,16.6,13.1,13.3,12.9,10.9,11.0,12.1,14.9,18.2,12.4
Percent Estimate!!INDUSTRY!!Civilian employed population 16 years and over,2094271,345769,3215136,1317275,18930012,2982794,1822551,458434,380983,9734940,4953466,684905,806802,6294086,3238769,1615999,1442550,1995789,2015672,678540,3090469,3622984,4708456,2973535,1231410,2921599,523058,999347,1446090,729001,4487823,875151,9504716,4870838,400818,5637441,1791438,2029021,6248945,527497,2315748,453723,3133153,13491168,156783165,1533562,330947,4180915,3692600,741817,2993716,287436
"Percent Estimate!!INDUSTRY!!Civilian employed population 16 years and over!!Agriculture, forestry, fishing and hunting, and mining",1.3,4.6,1.3,2.9,2.3,2.3,0.5,1.3,0.3,0.9,1.1,1.3,5.2,1.1,1.3,3.5,3.2,2.2,3.5,2.5,0.5,0.4,1.1,2.2,2.5,1.8,6.5,4.4,1.4,0.8,0.3,4.4,0.5,1.4,9.6,1.0,4.5,3.1,1.3,0.5,0.8,6.3,0.9,2.9,1.8,1.5,2.7,0.9,2.6,3.6,2.2,10.6
Percent Estimate!!INDUSTRY!!Civilian employed population 16 years and over!!Construction,7.1,5.6,6.9,6.7,6.6,8.2,6.1,6.6,2.7,7.8,6.8,7.3,8.2,5.4,6.1,6.2,6.5,6.1,8.3,6.9,7.1,5.6,5.6,5.8,6.3,6.6,7.0,7.2,7.6,6.8,6.1,7.4,5.7,6.9,6.2,5.5,6.8,6.7,5.9,5.5,6.8,7.0,6.5,8.8,6.7,7.6,6.8,6.8,6.9,5.7,5.9,9.0
Percent Estimate!!INDUSTRY!!Civilian employed population 16 years and over!!Manufacturing,14.1,4.5,6.9,14.3,8.9,6.5,10.6,8.9,1.3,5.1,10.8,3.0,10.2,11.8,19.4,15.1,12.3,13.9,7.7,8.6,4.5,8.6,18.8,13.1,13.2,11.4,5.5,9.7,4.7,12.7,8.0,4.0,5.8,12.3,7.0,15.0,9.7,11.3,11.7,10.9,13.4,10.1,13.2,8.4,10.0,10.0,9.7,7.0,9.5,8.1,18.3,4.2
Percent Estimate!!INDUSTRY!!Civilian employed population 16 years and over!!Wholesale trade,2.6,1.4,2.2,2.4,2.8,2.3,2.3,2.0,0.4,2.6,2.5,1.8,2.8,2.8,2.4,2.7,2.8,2.3,2.5,1.9,1.6,2.1,2.2,2.8,2.4,2.6,2.1,2.6,2.1,2.3,3.4,1.8,2.2,2.3,3.3,2.6,2.4,2.6,2.6,2.2,2.2,2.9,2.4,2.7,2.5,2.2,2.0,1.7,2.5,2.0,2.5,2.3
Percent Estimate!!INDUSTRY!!Civilian employed population 16 years and over!!Retail trade,11.1,10.8,11.7,12.8,10.4,11.1,10.8,12.2,4.4,12.4,11.1,11.2,12.0,10.5,10.9,12.0,10.3,11.4,11.3,13.1,9.4,10.0,10.6,11.2,11.9,11.4,11.4,10.9,11.2,12.8,11.0,11.5,9.9,11.4,11.4,11.4,11.6,11.3,11.3,11.7,11.8,11.3,11.6,11.3,11.0,11.6,11.8,10.1,11.4,12.9,10.8,10.5
"Percent Estimate!!INDUSTRY!!Civilian employed population 16 years and over!!Transportation and warehousing, and utilities",5.7,8.1,5.5,5.7,5.6,4.8,4.4,5.1,3.4,5.9,7.0,6.6,4.5,6.8,5.5,5.2,5.3,6.3,5.5,4.4,4.7,4.1,4.5,4.8,6.2,5.4,5.7,6.0,6.4,3.6,6.2,4.1,5.8,4.7,5.9,5.3,5.4,4.6,5.6,4.2,5.2,4.4,6.8,6.1,5.5,4.8,3.0,4.7,5.5,5.8,4.8,6.0
Percent Estimate!!INDUSTRY!!Civilian employed population 16 years and over!!Information,1.5,2.2,2.0,1.4,2.8,2.8,2.0,1.0,3.9,1.7,2.3,1.4,1.3,1.8,1.3,1.4,1.8,1.7,1.4,1.5,1.9,2.1,1.3,1.6,1.2,1.7,1.7,1.9,1.6,1.8,2.6,1.4,2.8,1.7,1.1,1.6,1.4,1.6,1.6,1.4,1.5,1.5,1.5,1.6,1.9,1.9,1.6,1.8,2.1,1.5,1.6,1.4
"Percent Estimate!!INDUSTRY!!Civilian employed population 16 years and over!!Finance and insurance, and real estate and rental and leasing",5.3,3.2,8.5,4.5,5.9,7.0,8.8,8.8,6.5,7.6,6.1,6.4,5.2,7.2,5.3,7.5,6.4,5.5,4.9,6.7,5.9,7.3,5.3,7.1,4.5,6.9,5.5,7.5,5.4,6.0,8.3,4.7,8.0,6.4,5.9,6.4,5.6,5.3,6.4,7.0,6.0,6.9,5.9,6.6,6.5,6.9,4.2,6.1,5.3,3.8,6.0,4.1
"Percent Estimate!!INDUSTRY!!Civilian employed population 16 years and over!!Professional, scientific, and management, and administrative and waste management services",10.1,8.9,12.6,7.7,13.7,14.1,11.6,9.5,23.9,13.3,12.5,10.3,10.3,12.1,8.3,7.1,9.7,9.0,9.6,9.5,15.6,14.4,9.6,9.8,7.1,9.9,8.7,8.8,11.2,11.7,13.5,12.4,12.3,11.1,6.4,9.8,8.8,11.6,10.6,10.5,10.5,6.7,10.3,11.6,11.7,12.9,9.2,15.6,13.7,8.2,8.4,5.6
"Percent Estimate!!INDUSTRY!!Civilian employed population 16 years and over!!Educational services, and health care and social assistance",22.3,23.8,21.7,24.6,20.9,21.0,26.0,24.9,18.8,20.9,20.5,21.2,22.1,23.2,22.7,24.5,24.6,23.8,24.0,27.6,23.8,28.4,23.2,25.7,25.2,24.0,22.8,24.6,16.3,24.2,23.9,24.1,27.9,22.6,26.7,24.2,22.2,22.7,25.8,27.3,22.0,24.9,22.4,21.5,23.1,22.4,29.6,22.1,21.6,27.3,23.7,24.5
"Percent Estimate!!INDUSTRY!!Civilian employed population 16 years and over!!Arts, entertainment, and recreation, and accommodation and food services",8.6,10.1,11.2,8.0,10.5,10.5,8.4,9.5,9.7,11.9,9.4,16.9,8.7,9.1,8.7,7.7,8.0,8.7,11.0,8.6,8.6,8.7,9.8,8.1,9.5,9.1,11.9,7.6,23.5,8.9,8.0,11.3,9.5,9.8,7.6,9.1,10.0,10.0,8.3,10.9,10.1,8.6,9.7,9.4,9.7,8.7,10.0,8.9,9.6,9.7,8.2,11.0
"Percent Estimate!!INDUSTRY!!Civilian employed population 16 years and over!!Other services, except public administration",5.1,4.6,4.8,4.8,5.3,4.8,5.0,4.6,8.8,5.5,4.9,4.3,4.4,4.6,4.6,4.1,4.4,4.5,5.0,4.9,5.7,4.7,4.6,4.4,4.7,4.8,5.0,4.4,4.7,4.6,4.5,5.3,4.9,5.1,4.0,4.4,5.5,4.8,4.8,4.1,5.1,4.7,4.7,5.2,4.9,4.6,4.7,5.3,4.5,4.3,4.2,4.6
Percent Estimate!!INDUSTRY!!Civilian employed population 16 years and over!!Public administration,5.3,12.1,4.8,4.3,4.4,4.8,3.5,5.5,16.0,4.3,4.9,8.4,5.0,3.5,3.6,3.0,4.7,4.6,5.4,3.8,10.6,3.7,3.4,3.5,5.3,4.3,6.2,4.4,4.1,3.6,4.2,7.6,4.7,4.3,5.0,3.8,6.1,4.5,4.0,3.9,4.5,4.8,4.2,3.9,4.6,4.7,4.5,8.9,4.9,7.2,3.4,6.3
"Percent Estimate!!INCOME AND BENEFITS (IN 2018 INFLATION-ADJUSTED DOLLARS)!!Total households!!Less than $10,000",9.1,4.5,6.0,8.2,5.1,4.9,5.3,6.0,9.3,6.5,7.1,5.3,5.5,6.4,6.1,5.5,5.7,8.4,9.4,6.2,4.8,5.4,6.8,4.4,10.6,6.3,6.3,5.0,6.6,4.2,5.0,9.7,6.8,6.5,5.8,7.0,7.1,5.3,6.4,6.8,7.6,5.7,7.2,6.5,6.3,3.9,5.9,5.2,4.6,9.1,5.0,5.3
"Percent Estimate!!INCOME AND BENEFITS (IN 2018 INFLATION-ADJUSTED DOLLARS)!!Total households!!$10,000 to $14,999",6.0,3.3,3.6,6.1,3.9,3.3,3.9,4.0,4.6,4.5,4.1,2.2,4.3,3.8,4.4,4.3,4.4,5.6,5.9,5.5,2.9,4.3,4.5,3.8,6.4,4.9,5.1,4.4,3.7,3.2,3.1,6.3,4.9,4.9,4.0,4.7,5.1,4.0,4.4,5.2,5.1,4.4,5.2,4.3,4.3,2.8,4.8,3.6,3.0,6.3,4.4,3.4
"Percent Estimate!!INCOME AND BENEFITS (IN 2018 INFLATION-ADJUSTED DOLLARS)!!Total households!!$15,000 to $24,999",11.9,6.4,9.5,12.3,7.5,7.2,7.2,8.3,5.4,10.1,9.5,6.1,10.2,8.8,10.0,9.0,9.5,10.9,12.7,9.9,5.9,7.3,9.6,7.3,12.7,10.1,9.8,9.3,8.7,7.7,7.2,11.8,8.6,10.3,8.1,9.8,10.7,8.5,9.3,8.4,10.6,8.4,10.7,9.0,9.0,6.2,8.4,7.4,6.9,13.3,8.8,9.4
"Percent Estimate!!INCOME AND BENEFITS (IN 2018 INFLATION-ADJUSTED DOLLARS)!!Total households!!$25,000 to $34,999",10.1,6.6,9.3,11.3,7.2,7.4,7.2,9.3,5.9,10.1,9.5,7.2,9.4,8.5,10.0,9.4,10.1,10.8,10.8,9.4,6.0,6.7,9.8,7.9,11.1,10.4,10.3,9.4,9.4,8.0,6.7,11.0,7.8,10.2,8.2,9.8,10.5,8.9,9.3,7.9,10.6,11.0,10.5,9.1,8.9,7.7,8.9,7.5,7.1,11.9,9.5,9.9
"Percent Estimate!!INCOME AND BENEFITS (IN 2018 INFLATION-ADJUSTED DOLLARS)!!Total households!!$35,000 to $49,999",13.0,10.3,13.5,15.2,10.4,11.7,10.1,11.5,7.8,13.9,12.8,10.5,15.3,11.6,14.1,13.6,13.6,14.0,12.8,13.9,9.9,9.3,13.6,12.1,13.9,14.4,13.8,13.7,14.3,10.6,9.3,13.6,10.5,14.3,13.2,13.5,14.5,12.8,12.3,10.8,13.7,15.0,13.9,12.7,12.4,12.4,12.5,11.3,11.5,14.6,13.5,13.0
"Percent Estimate!!INCOME AND BENEFITS (IN 2018 INFLATION-ADJUSTED DOLLARS)!!Total households!!$50,000 to $74,999",17.4,19.3,19.1,17.8,15.6,17.5,15.5,18.2,12.2,18.4,17.8,15.5,21.1,17.2,19.3,19.3,18.7,17.9,15.9,18.1,15.7,14.6,18.4,17.4,17.0,18.6,19.9,19.3,18.4,16.3,14.8,17.4,15.2,18.2,18.3,18.3,18.8,18.1,17.8,17.3,18.6,18.9,18.4,17.7,17.4,19.5,18.6,16.3,17.5,17.5,19.3,18.2
"Percent Estimate!!INCOME AND BENEFITS (IN 2018 INFLATION-ADJUSTED DOLLARS)!!Total households!!$75,000 to $99,999",12.0,13.4,13.1,10.6,12.3,13.6,12.2,13.7,10.7,12.1,12.3,13.3,12.4,12.5,13.7,14.4,13.2,11.8,11.1,13.5,13.2,11.8,12.8,13.8,11.8,12.4,13.2,13.4,13.3,13.8,12.2,10.8,11.9,12.2,13.7,12.9,12.3,13.6,12.8,12.1,12.5,14.8,12.4,12.3,12.6,15.4,14.7,12.8,13.5,9.9,13.8,13.9
"Percent Estimate!!INCOME AND BENEFITS (IN 2018 INFLATION-ADJUSTED DOLLARS)!!Total households!!$100,000 to $149,999",12.1,19.0,14.2,11.3,16.6,17.5,16.9,15.7,16.5,13.2,14.2,20.1,13.1,15.7,13.8,15.0,13.9,12.5,12.3,14.1,18.8,17.5,13.9,17.8,9.8,13.2,12.8,15.5,14.5,18.7,17.5,11.4,15.6,13.0,17.5,14.1,12.4,15.5,15.1,17.1,12.2,13.7,12.8,14.8,15.0,18.9,16.0,16.7,17.7,11.3,15.6,16.2
"Percent Estimate!!INCOME AND BENEFITS (IN 2018 INFLATION-ADJUSTED DOLLARS)!!Total households!!$150,000 to $199,999",4.4,8.3,5.7,3.8,8.9,8.2,9.3,6.6,9.1,5.2,5.9,9.6,4.5,7.2,4.7,4.9,5.7,4.0,4.8,4.9,10.2,9.8,5.5,7.7,3.6,4.8,4.7,5.3,5.9,8.4,10.2,4.2,8.0,4.8,6.3,5.1,4.3,6.5,6.2,7.2,4.6,4.3,4.4,6.5,6.6,6.9,5.4,8.4,8.6,3.2,5.4,5.9
"Percent Estimate!!INCOME AND BENEFITS (IN 2018 INFLATION-ADJUSTED DOLLARS)!!Total households!!$200,000 or more",4.0,8.8,5.8,3.6,12.4,8.7,12.4,6.6,18.4,6.0,6.7,10.2,4.2,8.3,3.9,4.7,5.2,4.0,4.4,4.3,12.5,13.2,5.2,7.6,3.0,5.0,4.0,4.7,5.4,9.1,13.9,3.9,10.7,5.6,5.1,4.8,4.2,6.7,6.5,7.0,4.6,3.8,4.6,7.2,7.6,6.4,4.8,10.7,9.7,2.9,4.7,4.9
Estimate!!INCOME AND BENEFITS (IN 2018 INFLATION-ADJUSTED DOLLARS)!!Total households!!Median household income (dollars),49861,74346,59246,47062,75277,71953,76348,64805,85203,55462,58756,80212,55583,65030,55746,59955,58218,50247,47905,55602,83242,79835,56697,70315,44717,54478,55328,59566,58646,74991,81740,47169,67844,53855,63837,56111,51924,63426,60905,64340,52306,56274,52375,60629,61937,71414,60782,72577,74073,44097,60773,61584
Percent Estimate!!INCOME AND BENEFITS (IN 2018 INFLATION-ADJUSTED DOLLARS)!!Total households!!With earnings,71.2,83.8,75.0,73.2,80.7,82.0,78.9,75.8,79.9,72.3,78.8,80.1,76.8,78.5,77.8,78.5,79.1,73.0,73.9,73.8,81.4,78.7,74.2,79.8,71.7,75.9,76.5,80.5,77.7,78.6,80.0,71.6,76.9,76.7,81.5,75.8,76.5,75.9,75.5,74.2,74.3,80.6,75.5,82.2,77.5,83.8,77.7,79.4,79.0,66.9,77.5,79.1
Estimate!!INCOME AND BENEFITS (IN 2018 INFLATION-ADJUSTED DOLLARS)!!Total households!!With earnings!!Mean earnings (dollars),72777,93438,80838,69510,108104,95444,114457,84028,134236,80498,84694,97944,73585,94619,75763,77895,79071,72732,73394,74890,109756,116028,80451,94924,64609,76759,71196,78891,80743,100071,119191,67310,105961,77725,82663,78689,72689,86018,87353,92131,73930,72807,75333,86803,90091,89742,78184,101193,101370,65428,81283,80442
Percent Estimate!!INCOME AND BENEFITS (IN 2018 INFLATION-ADJUSTED DOLLARS)!!Total households!!With Social Security,36.5,23.0,34.7,36.5,27.9,26.1,32.0,36.4,19.3,38.1,29.3,36.5,32.9,29.5,32.0,31.9,31.0,35.3,31.9,37.7,28.9,30.7,35.2,29.4,35.4,33.5,34.7,30.0,29.8,34.8,31.7,34.8,31.5,32.9,26.3,32.3,32.5,33.4,35.6,33.6,36.2,30.4,34.5,25.9,31.6,24.8,35.6,30.5,29.7,41.8,32.5,32.2
Estimate!!INCOME AND BENEFITS (IN 2018 INFLATION-ADJUSTED DOLLARS)!!Total households!!With Social Security!!Mean Social Security income (dollars),19038,17648,20467,18639,18969,19560,20849,21588,15505,19697,19058,20384,19466,19288,19782,19493,19741,18262,17139,18020,20259,19033,20216,20284,17720,19125,18714,19737,19441,20320,21042,18080,19531,19322,18968,18516,18784,20028,19624,18559,19423,18137,19222,18531,19375,20577,19927,19455,20379,19055,19859,19672
Percent Estimate!!INCOME AND BENEFITS (IN 2018 INFLATION-ADJUSTED DOLLARS)!!Total households!!With retirement income,21.6,20.0,21.1,18.9,16.2,17.0,19.4,25.5,14.4,20.1,17.6,24.1,19.5,17.8,18.8,17.5,17.7,20.7,18.2,20.3,21.6,16.6,22.4,17.2,20.1,20.4,19.2,14.9,18.4,20.0,18.2,21.1,18.8,19.6,12.5,21.1,17.8,19.8,21.1,18.7,21.6,15.4,19.3,14.7,18.8,17.3,17.9,22.3,19.6,24.6,19.1,19.7
Estimate!!INCOME AND BENEFITS (IN 2018 INFLATION-ADJUSTED DOLLARS)!!Total households!!With retirement income!!Mean retirement income (dollars),24227,33127,27728,21561,34493,30054,30607,28393,43330,28648,26795,33157,24196,29569,19992,21718,23279,24482,25215,24588,35004,30393,23350,25891,24560,23328,24927,24382,32442,25251,30349,29764,29537,23720,23700,25635,22838,27736,23577,27213,24454,24656,22334,27013,27484,28479,24736,33314,28324,19698,23218,26697
Percent Estimate!!INCOME AND BENEFITS (IN 2018 INFLATION-ADJUSTED DOLLARS)!!Total households!!With Supplemental Security Income,6.9,5.0,4.4,6.9,6.0,3.4,4.6,4.9,4.9,5.0,5.4,4.6,4.6,4.7,5.1,4.4,4.6,7.6,7.2,6.6,4.5,6.3,6.2,4.2,7.8,5.5,3.6,4.0,4.5,5.1,4.5,6.8,6.5,4.9,3.0,6.2,5.7,4.6,5.9,7.8,5.2,3.7,5.7,4.8,5.4,3.5,6.1,4.8,4.6,7.5,4.8,3.5
Estimate!!INCOME AND BENEFITS (IN 2018 INFLATION-ADJUSTED DOLLARS)!!Total households!!With Supplemental Security Income!!Mean Supplemental Security Income (dollars),9676,9584,10087,9475,10072,9864,10232,10964,8632,9780,9656,10956,10256,10073,10548,9855,9689,9572,8924,10045,10110,9773,10207,10534,8963,9849,9187,10170,10364,10629,10175,9212,9717,9655,9607,9990,9715,10265,9930,10098,9412,9420,9630,9124,9841,10600,9973,9537,10418,9082,10633,9838
Percent Estimate!!INCOME AND BENEFITS (IN 2018 INFLATION-ADJUSTED DOLLARS)!!Total households!!With cash public assistance income,1.5,6.2,1.6,1.5,3.1,1.9,3.1,1.8,3.8,2.2,1.2,2.6,2.5,2.1,1.4,1.8,1.5,1.7,2.2,2.8,2.0,2.6,2.2,3.1,1.9,1.7,2.5,1.7,2.7,2.4,1.6,3.7,3.4,1.4,2.2,2.5,2.9,3.5,3.1,5.0,1.4,2.3,1.8,1.5,2.3,1.2,3.5,2.0,2.9,2.9,1.7,1.2
Estimate!!INCOME AND BENEFITS (IN 2018 INFLATION-ADJUSTED DOLLARS)!!Total households!!With cash public assistance income!!Mean cash public assistance income (dollars),2191,3604,2559,2517,4419,2721,3774,1682,2818,2361,2380,4819,2003,2770,2754,2404,2718,2729,2724,2256,2944,3406,2528,2800,2579,2524,3267,2683,3013,3016,2725,2227,3420,2466,3038,3041,1943,2618,2136,3043,2595,3170,2502,2793,3004,3384,2433,3135,2691,2464,2502,3928
Percent Estimate!!INCOME AND BENEFITS (IN 2018 INFLATION-ADJUSTED DOLLARS)!!Total households!!With Food Stamp/SNAP benefits in the past 12 months,13.3,10.9,10.4,11.4,8.5,7.2,11.2,11.3,14.0,13.8,11.9,10.0,8.9,12.3,8.9,9.6,7.3,13.2,15.0,12.9,9.4,11.5,12.6,7.3,14.8,10.7,8.9,8.4,11.2,6.7,8.2,17.3,14.6,11.6,7.0,12.3,12.5,14.7,13.4,15.4,11.4,8.1,13.0,11.9,11.3,6.5,10.4,7.9,11.1,16.6,10.0,5.0
Percent Estimate!!HEALTH INSURANCE COVERAGE!!Civilian noninstitutionalized population!!With health insurance coverage,90.0,87.4,89.4,91.8,92.8,92.5,94.7,94.3,96.8,87.0,86.3,95.9,88.9,93.0,91.7,95.3,91.2,94.4,92.0,92.0,94.0,97.2,94.6,95.6,87.9,90.6,91.8,91.7,88.8,94.3,92.6,90.5,94.6,89.3,92.7,93.5,85.8,92.9,94.5,95.9,89.5,90.2,89.9,82.3,91.1,90.6,96.0,91.2,93.6,93.6,94.5,89.5
Percent Estimate!!HEALTH INSURANCE COVERAGE!!Civilian noninstitutionalized population!!With health insurance coverage!!With private health insurance,66.6,64.5,62.6,60.4,63.7,70.7,71.0,70.6,70.4,62.3,65.8,76.3,69.7,70.2,70.2,74.8,74.3,64.2,59.1,70.1,74.0,74.0,71.1,76.1,60.5,70.3,66.6,75.1,64.9,75.8,72.8,54.3,67.2,67.3,79.7,68.6,64.1,67.7,72.4,70.0,65.9,72.0,65.8,61.8,67.5,78.5,69.9,75.4,70.6,62.8,74.8,74.9
Percent Estimate!!HEALTH INSURANCE COVERAGE!!Civilian noninstitutionalized population!!With health insurance coverage!!With public coverage,37.2,34.6,39.3,44.2,38.4,32.7,35.8,39.8,35.8,37.1,31.2,35.2,32.5,33.9,33.8,35.4,29.8,43.5,44.4,37.3,33.3,36.6,39.1,33.2,38.9,32.7,40.2,28.8,34.9,32.3,31.2,49.4,39.9,34.7,26.5,37.5,34.6,39.2,37.4,38.7,37.8,30.4,37.1,29.0,35.6,21.3,40.6,28.6,35.9,47.1,33.0,27.3
Percent Estimate!!HEALTH INSURANCE COVERAGE!!Civilian noninstitutionalized population!!No health insurance coverage,10.0,12.6,10.6,8.2,7.2,7.5,5.3,5.7,3.2,13.0,13.7,4.1,11.1,7.0,8.3,4.7,8.8,5.6,8.0,8.0,6.0,2.8,5.4,4.4,12.1,9.4,8.2,8.3,11.2,5.7,7.4,9.5,5.4,10.7,7.3,6.5,14.2,7.1,5.5,4.1,10.5,9.8,10.1,17.7,8.9,9.4,4.0,8.8,6.4,6.4,5.5,10.5
Percent Estimate!!PERCENTAGE OF FAMILIES AND PEOPLE WHOSE INCOME IN THE PAST 12 MONTHS IS BELOW THE POVERTY LEVEL!!All families,12.2,7.5,9.9,12.7,9.1,6.2,7.1,8.4,11.3,9.7,10.8,5.7,8.2,8.5,9.3,7.2,8.0,12.6,13.6,7.3,6.0,6.5,9.5,5.7,15.0,9.0,7.7,7.1,9.1,4.7,6.9,15.1,10.0,10.2,5.7,9.7,11.4,8.0,8.1,9.1,10.8,8.0,11.3,11.4,9.3,6.1,6.2,7.1,6.3,13.0,7.0,7.1
Percent Estimate!!HOUSING OCCUPANCY!!Total housing units!!Occupied housing units,81.6,80.0,86.1,83.8,91.6,89.8,90.6,83.8,90.0,81.8,87.9,83.4,87.0,90.5,89.5,89.9,88.5,86.8,83.7,76.4,90.1,90.0,85.8,89.4,83.2,86.8,83.7,90.6,89.1,83.2,89.6,84.2,88.1,85.6,84.6,89.8,85.2,91.7,88.8,86.7,83.2,86.9,87.0,88.1,87.7,90.1,77.5,89.7,92.0,82.2,87.5,82.6
Percent Estimate!!HOUSING OCCUPANCY!!Total housing units!!Vacant housing units,18.4,20.0,13.9,16.2,8.4,10.2,9.4,16.2,10.0,18.2,12.1,16.6,13.0,9.5,10.5,10.1,11.5,13.2,16.3,23.6,9.9,10.0,14.2,10.6,16.8,13.2,16.3,9.4,10.9,16.8,10.4,15.8,11.9,14.4,15.4,10.2,14.8,8.3,11.2,13.3,16.8,13.1,13.0,11.9,12.3,9.9,22.5,10.3,8.0,17.8,12.5,17.4
Percent Estimate!!HOUSING OCCUPANCY!!Total housing units!!Homeowner vacancy rate,-888888888,-888888888,-888888888,-888888888,-888888888,-888888888,-888888888,-888888888,-888888888,-888888888,-888888888,-888888888,-888888888,-888888888,-888888888,-888888888,-888888888,-888888888,-888888888,-888888888,-888888888,-888888888,-888888888,-888888888,-888888888,-888888888,-888888888,-888888888,-888888888,-888888888,-888888888,-888888888,-888888888,-888888888,-888888888,-888888888,-888888888,-888888888,-888888888,-888888888,-888888888,-888888888,-888888888,-888888888,-888888888,-888888888,-888888888,-888888888,-888888888,-888888888,-888888888,-888888888
Percent Estimate!!HOUSING OCCUPANCY!!Total housing units!!Rental vacancy rate,-888888888,-888888888,-888888888,-888888888,-888888888,-888888888,-888888888,-888888888,-888888888,-888888888,-888888888,-888888888,-888888888,-888888888,-888888888,-888888888,-888888888,-888888888,-888888888,-888888888,-888888888,-888888888,-888888888,-888888888,-888888888,-888888888,-888888888,-888888888,-888888888,-888888888,-888888888,-888888888,-888888888,-888888888,-888888888,-888888888,-888888888,-888888888,-888888888,-888888888,-888888888,-888888888,-888888888,-888888888,-888888888,-888888888,-888888888,-888888888,-888888888,-888888888,-888888888,-888888888
Percent Estimate!!HOUSING TENURE!!Occupied housing units!!Owner-occupied,68.0,65.6,64.8,65.8,54.8,65.1,65.8,71.0,42.3,65.9,63.8,58.3,70.7,66.0,68.9,71.3,66.2,67.4,65.5,71.2,66.9,61.8,71.2,71.5,68.2,66.8,67.5,66.1,56.8,71.3,64.0,66.2,53.7,65.1,62.5,65.9,65.4,62.5,68.6,61.8,69.3,67.9,66.2,61.7,63.9,70.5,72.2,65.9,62.8,72.5,67.1,70.3
Percent Estimate!!HOUSING TENURE!!Occupied housing units!!Renter-occupied,32.0,34.4,35.2,34.2,45.2,34.9,34.2,29.0,57.7,34.1,36.2,41.7,29.3,34.0,31.1,28.7,33.8,32.6,34.5,28.8,33.1,38.2,28.8,28.5,31.8,33.2,32.5,33.9,43.2,28.7,36.0,33.8,46.3,34.9,37.5,34.1,34.6,37.5,31.4,38.2,30.7,32.1,33.8,38.3,36.1,29.5,27.8,34.1,37.2,27.5,32.9,29.7
Estimate!!HOUSING TENURE!!Occupied housing units!!Average household size of owner-occupied unit,2.63,2.93,2.71,2.60,3.03,2.67,2.62,2.59,2.46,2.66,2.76,3.15,2.77,2.68,2.61,2.51,2.63,2.56,2.67,2.42,2.78,2.72,2.56,2.62,2.62,2.56,2.49,2.60,2.75,2.62,2.81,2.65,2.73,2.58,2.49,2.54,2.62,2.59,2.56,2.63,2.59,2.55,2.61,3.02,2.71,3.25,2.39,2.67,2.66,2.45,2.51,2.54
Estimate!!HOUSING TENURE!!Occupied housing units!!Average household size of renter-occupied unit,2.44,2.52,2.63,2.41,2.88,2.36,2.29,2.51,2.19,2.69,2.59,2.84,2.51,2.33,2.27,2.15,2.23,2.39,2.48,1.95,2.43,2.24,2.24,2.18,2.57,2.22,2.19,2.17,2.52,2.11,2.46,2.46,2.39,2.40,1.99,2.21,2.50,2.36,2.18,2.29,2.51,2.26,2.41,2.64,2.48,2.79,2.05,2.48,2.37,2.25,2.14,2.23
Percent Estimate!!GROSS RENT!!Occupied units paying rent!!Less than $500,18.1,5.8,5.9,18.5,4.9,6.8,10.7,9.1,9.7,5.4,9.9,6.9,12.3,10.4,11.9,15.3,12.0,16.5,14.2,17.0,8.1,13.8,12.7,13.1,17.0,13.4,15.4,12.2,3.8,11.1,7.8,14.9,10.9,10.6,12.3,14.2,12.6,7.4,12.2,16.5,11.6,19.0,13.5,6.8,9.6,7.1,13.2,7.6,6.2,21.2,10.4,13.8
Percent Estimate!!GROSS RENT!!Occupied units paying rent!!$500 to $999,55.2,30.1,41.1,62.5,16.1,22.6,24.1,30.2,13.7,28.9,39.5,14.5,54.8,40.1,60.5,59.1,55.8,58.8,53.5,49.8,16.2,20.2,53.5,40.1,59.9,56.2,53.8,57.9,35.7,31.5,16.0,51.5,23.8,49.4,59.6,58.6,59.9,31.6,45.0,33.7,49.7,60.2,51.1,39.2,36.3,39.2,39.9,28.1,23.7,59.5,58.1,55.8
"Percent Estimate!!GROSS RENT!!Occupied units paying rent!!$1,000 to $1,499",21.7,34.4,35.4,15.6,28.0,35.8,38.7,43.1,25.9,39.0,36.2,23.8,26.1,29.6,21.9,19.9,24.1,20.4,25.4,24.3,34.9,26.3,25.4,30.1,19.8,24.6,22.5,22.7,41.3,37.3,38.7,26.9,27.0,29.9,20.0,21.7,21.8,38.3,29.2,35.7,28.6,16.3,26.3,35.4,29.8,35.9,30.8,30.4,31.4,15.2,24.9,21.4
"Percent Estimate!!GROSS RENT!!Occupied units paying rent!!$1,500 to $1,999",3.6,17.5,13.0,2.6,23.7,22.5,16.4,13.4,20.0,18.1,11.2,21.1,4.7,12.3,4.0,4.1,6.0,3.1,4.8,6.1,26.9,19.8,5.6,11.9,2.6,4.2,6.2,5.1,15.4,15.3,22.3,5.4,18.7,7.4,6.1,3.9,4.3,15.1,9.2,10.0,7.3,2.8,6.9,13.4,14.0,13.5,12.6,19.6,22.5,2.9,4.7,6.0
"Percent Estimate!!GROSS RENT!!Occupied units paying rent!!$2,000 to $2,499",0.9,9.8,3.2,0.5,13.4,8.7,5.9,2.5,14.5,5.5,2.2,13.7,0.8,4.4,1.0,0.9,1.0,0.6,1.7,2.0,9.3,10.8,1.8,3.0,0.4,1.1,1.5,0.8,2.6,3.4,8.7,0.8,9.4,1.7,1.1,1.0,0.8,5.4,2.6,2.4,1.6,0.6,1.4,3.4,5.6,2.6,2.8,8.5,9.6,0.9,1.2,1.7
"Percent Estimate!!GROSS RENT!!Occupied units paying rent!!$2,500 to $2,999",0.2,1.8,0.8,0.3,7.1,2.4,2.1,0.6,8.2,1.8,0.5,9.7,0.5,1.8,0.4,0.2,0.3,0.2,0.2,0.4,2.9,5.0,0.4,1.0,0.1,0.3,0.3,0.4,0.7,0.9,3.8,0.3,4.6,0.5,0.2,0.3,0.2,1.3,1.0,0.8,0.6,0.2,0.3,1.0,2.4,0.6,0.5,3.4,3.7,0.2,0.4,1.1
"Percent Estimate!!GROSS RENT!!Occupied units paying rent!!$3,000 or more",0.3,0.6,0.7,0.1,6.7,1.2,2.1,1.1,8.0,1.3,0.6,10.2,0.8,1.4,0.3,0.6,0.6,0.3,0.2,0.4,1.7,4.2,0.6,0.9,0.1,0.2,0.3,1.0,0.5,0.6,2.7,0.3,5.7,0.5,0.6,0.3,0.3,0.8,0.8,0.8,0.7,0.9,0.4,0.8,2.3,1.1,0.3,2.4,2.9,0.1,0.4,0.1
Estimate!!GROSS RENT!!Occupied units paying rent!!Median (dollars),788,1177,1036,731,1520,1289,1171,1108,1516,1182,1008,1613,848,995,820,777,840,779,854,839,1371,1295,861,969,777,830,811,830,1108,1090,1336,830,1274,900,808,797,808,1130,927,998,892,734,861,1046,1058,1043,969,1215,1316,735,847,818
Estimate!!SEX AND AGE!!Total population!!Sex ratio (males per 100 females),94.1,108.0,98.9,96.1,98.9,101.2,95.0,93.7,90.8,95.5,94.8,100.1,101.2,96.8,97.1,98.3,99.2,96.9,95.5,96.1,94.2,94.4,97.2,99.2,94.0,96.2,101.4,99.3,100.7,97.4,95.4,98.5,94.4,94.8,106.1,96.2,97.8,98.5,96.0,95.3,94.4,101.9,95.2,98.6,97.0,101.5,96.8,96.9,100.0,98.2,98.9,102.6
Percent Estimate!!SEX AND AGE!!Total population!!Under 5 years,5.9,7.1,6.1,6.2,6.1,5.9,5.1,5.6,6.5,5.3,6.1,6.2,6.5,6.0,6.2,6.3,6.4,6.1,6.5,4.7,6.0,5.2,5.7,6.3,6.0,6.0,5.8,6.8,6.1,4.6,5.8,5.7,5.8,5.8,6.9,5.9,6.5,5.5,5.5,5.1,5.7,6.8,6.0,7.0,6.0,7.9,4.6,5.9,6.1,5.2,5.7,6.1
Percent Estimate!!SEX AND AGE!!Total population!!5 to 9 years,5.9,7.1,6.2,6.4,6.1,6.2,5.4,5.4,4.7,5.3,6.5,5.9,7.1,6.0,6.4,6.3,6.5,6.3,6.4,5.1,6.0,5.4,5.9,6.4,6.4,6.1,5.8,6.7,6.2,5.1,5.8,6.1,5.5,6.0,6.7,5.9,6.6,5.7,5.5,5.4,6.0,6.7,6.1,6.9,6.1,8.1,5.1,6.0,6.2,5.4,5.9,6.0
Percent Estimate!!SEX AND AGE!!Total population!!10 to 14 years,6.6,6.7,6.8,6.8,6.7,6.4,6.3,6.5,4.8,5.8,7.0,6.0,7.4,6.6,6.7,6.8,7.2,6.4,6.8,5.4,6.4,5.7,6.2,6.6,7.2,6.5,6.4,7.1,6.6,5.7,6.4,7.2,5.9,6.5,6.2,6.4,7.1,6.1,6.1,5.2,6.4,7.0,6.4,7.6,6.5,8.6,5.4,6.3,6.2,5.9,6.4,7.0
Percent Estimate!!SEX AND AGE!!Total population!!15 to 19 years,6.8,6.6,6.7,6.9,6.5,6.5,6.8,6.1,5.3,5.8,7.2,5.5,7.2,6.6,6.9,7.0,7.0,6.5,6.6,5.8,6.3,6.6,6.6,6.4,7.3,6.4,6.3,6.9,6.0,6.8,6.2,6.8,6.2,6.8,6.1,6.6,6.9,6.0,6.4,7.1,6.7,6.8,6.5,7.2,6.6,7.9,6.7,6.6,6.0,6.2,6.5,7.1
Percent Estimate!!SEX AND AGE!!Total population!!20 to 24 years,6.5,6.7,6.8,6.6,6.9,6.6,6.7,6.2,7.5,5.9,6.8,6.4,6.6,6.6,7.0,7.0,7.2,6.7,6.6,5.5,6.4,7.1,6.9,6.4,6.9,6.6,6.4,6.9,5.9,6.3,6.2,6.6,6.6,6.6,8.2,6.4,6.8,6.3,6.3,7.1,6.5,6.7,6.5,6.9,6.6,8.2,6.9,6.8,6.3,6.3,6.8,5.7
Percent Estimate!!SEX AND AGE!!Total population!!25 to 34 years,13.0,16.0,13.7,13.0,15.3,15.6,12.5,13.2,23.3,13.0,13.7,14.2,13.0,13.9,13.1,12.5,12.9,13.0,13.8,12.0,13.7,14.3,12.9,13.5,12.7,13.4,12.6,13.3,14.6,12.4,12.9,13.3,14.7,13.3,15.4,13.1,13.8,14.1,13.2,13.8,12.9,13.2,13.5,14.6,13.9,14.7,12.0,13.7,15.3,11.6,12.7,13.4
Percent Estimate!!SEX AND AGE!!Total population!!35 to 44 years,12.1,13.2,12.3,12.2,13.3,13.7,11.9,11.6,15.0,12.1,13.3,12.8,12.5,12.9,12.4,12.2,12.3,12.4,12.7,11.5,12.8,12.2,11.7,12.7,12.7,12.1,12.1,12.7,13.4,11.4,12.9,12.2,12.5,12.6,12.0,11.9,12.5,13.3,11.7,11.6,12.3,11.9,12.5,13.6,12.7,13.9,11.2,13.1,13.4,12.1,12.2,12.5
Percent Estimate!!SEX AND AGE!!Total population!!45 to 54 years,12.8,12.1,11.9,12.3,12.8,12.5,13.8,12.7,10.8,12.9,13.3,12.1,11.5,12.8,12.6,11.7,11.7,12.9,12.2,13.5,13.6,13.4,12.9,12.3,12.0,12.3,11.4,11.3,13.1,14.0,13.8,11.5,13.1,13.3,10.7,12.7,11.6,12.4,13.0,13.2,12.5,11.0,13.1,12.4,12.7,10.1,12.9,13.1,12.4,12.9,12.7,11.7
Percent Estimate!!SEX AND AGE!!Total population!!55 to 59 years,6.8,6.4,6.0,6.5,6.3,6.4,7.3,7.1,5.2,6.8,6.3,6.1,6.4,6.7,6.7,6.8,6.5,6.8,6.5,7.9,6.9,7.1,7.0,7.1,6.4,6.8,6.8,6.4,6.3,8.2,7.1,6.5,6.8,6.5,6.5,7.0,6.5,6.4,7.2,6.9,6.9,6.7,6.6,5.9,6.6,4.8,7.5,6.7,6.5,7.1,7.2,6.6
Percent Estimate!!SEX AND AGE!!Total population!!60 to 64 years,6.5,6.2,6.1,6.2,5.8,6.1,7.1,7.0,4.7,6.6,5.8,6.6,5.9,6.4,6.4,6.5,6.3,6.6,6.4,8.1,6.5,6.5,7.0,6.3,6.5,6.7,7.5,6.2,6.1,7.5,6.6,6.5,6.5,6.4,6.0,6.8,6.0,6.6,7.0,7.1,6.5,6.7,6.6,5.4,6.3,4.7,7.8,6.2,6.3,7.3,7.0,7.2
Percent Estimate!!SEX AND AGE!!Total population!!65 to 74 years,10.1,8.1,10.2,9.8,8.3,8.8,9.6,11.2,7.0,11.3,8.5,10.5,9.6,9.0,9.2,9.5,9.1,9.7,9.3,12.2,9.0,9.5,10.1,9.1,9.5,9.7,11.4,9.0,9.6,10.8,9.1,10.6,9.3,9.8,8.4,9.9,9.2,10.7,10.2,9.8,10.9,9.6,9.7,7.6,9.3,6.7,12.1,9.2,9.4,11.9,9.8,10.3
Percent Estimate!!SEX AND AGE!!Total population!!75 to 84 years,5.1,2.8,5.6,5.1,4.2,3.8,5.1,5.6,3.7,6.5,4.0,5.1,4.6,4.6,4.6,5.2,4.6,4.9,4.5,5.8,4.6,4.7,5.1,4.7,4.8,5.1,5.5,4.6,4.6,5.0,4.8,5.1,5.0,4.8,4.5,5.1,4.7,5.0,5.5,5.0,5.2,4.5,4.9,3.6,4.8,3.3,5.6,4.6,4.3,5.9,5.0,4.8
Percent Estimate!!SEX AND AGE!!Total population!!85 years and over,1.7,1.0,1.9,1.9,1.8,1.5,2.5,1.9,1.6,2.6,1.4,2.8,1.7,2.0,1.9,2.4,2.2,1.8,1.6,2.6,1.8,2.2,2.0,2.1,1.6,2.0,2.0,2.2,1.5,2.3,2.2,1.9,2.2,1.7,2.4,2.1,1.8,1.9,2.4,2.5,1.7,2.5,1.7,1.3,1.9,1.1,2.1,1.7,1.7,2.2,2.1,1.6
Estimate!!SEX AND AGE!!Total population!!Median age (years),39.3,34.9,38.0,38.1,36.7,36.9,41.1,41.1,33.9,42.2,36.8,39.3,36.8,38.3,37.8,38.1,37.1,39.1,37.3,45.1,38.8,39.5,39.8,38.2,37.7,38.8,40.1,36.7,38.2,43.1,40.0,38.1,39.0,38.9,35.4,39.5,36.7,39.6,40.8,40.0,39.7,37.2,38.9,34.9,38.2,31.0,43.1,38.3,37.7,42.8,39.6,38.5
Percent Estimate!!RACE!!Total population!!One race,97.9,91.6,96.0,97.1,94.9,96.0,96.6,97.3,96.4,97.1,97.3,75.7,97.0,97.3,97.3,97.8,96.3,97.6,97.7,97.8,96.3,96.6,97.1,96.9,98.5,97.2,96.9,96.9,94.9,97.8,97.2,96.8,96.7,97.1,97.7,96.9,92.3,95.3,97.4,96.9,97.6,97.3,97.8,97.3,96.6,96.8,98.0,95.9,94.0,98.1,97.5,97.6
Percent Estimate!!RACE!!Total population!!Two or more races,2.1,8.4,4.0,2.9,5.1,4.0,3.4,2.7,3.6,2.9,2.7,24.3,3.0,2.7,2.7,2.2,3.7,2.4,2.3,2.2,3.7,3.4,2.9,3.1,1.5,2.8,3.1,3.1,5.1,2.2,2.8,3.2,3.3,2.9,2.3,3.1,7.7,4.7,2.6,3.1,2.4,2.7,2.2,2.7,3.4,3.2,2.0,4.1,6.0,1.9,2.5,2.4
Percent Estimate!!RACE!!Total population!!One race!!White,67.7,64.4,78.0,76.5,59.5,84.1,75.2,68.2,42.2,74.6,58.3,24.3,89.9,71.7,82.8,90.2,84.0,86.7,61.7,94.3,54.7,77.3,78.3,82.5,58.1,82.2,88.6,86.4,63.4,92.4,66.9,76.4,63.3,68.4,85.7,81.0,72.2,83.9,80.1,80.7,67.0,84.0,77.3,73.5,72.2,85.7,94.1,67.4,74.8,93.0,85.3,91.5
Percent Estimate!!RACE!!Total population!!One race!!Black or African American,26.7,3.4,4.7,15.2,5.8,4.2,11.0,22.5,45.5,16.0,31.6,2.0,0.7,14.1,9.5,3.6,5.9,7.9,32.4,1.4,30.0,7.8,13.8,6.6,38.0,11.5,0.5,4.7,9.2,1.7,13.6,2.2,15.7,21.4,3.4,12.4,7.3,2.0,11.2,6.7,26.6,2.2,16.8,12.3,12.7,1.3,1.2,19.2,3.9,3.8,6.4,0.6
Percent Estimate!!RACE!!Total population!!One race!!American Indian and Alaska Native,0.5,15.1,4.6,0.7,0.8,1.0,0.3,0.5,0.3,0.3,0.3,0.2,1.3,0.3,0.2,0.4,0.9,0.2,0.6,0.6,0.2,0.2,0.5,1.1,0.4,0.5,6.4,1.0,1.5,0.3,0.2,9.6,0.4,1.2,5.4,0.2,7.8,1.2,0.2,0.4,0.5,8.8,0.3,0.5,0.9,1.1,0.3,0.3,1.3,0.1,0.9,2.8
Percent Estimate!!RACE!!Total population!!One race!!Asian,1.3,6.3,3.3,1.6,14.7,3.2,4.6,4.0,3.9,2.8,4.1,37.6,1.5,5.6,2.3,2.5,2.8,1.5,1.6,1.2,6.3,6.8,3.3,4.9,0.9,2.0,0.8,2.4,8.2,2.7,9.7,1.6,8.5,3.0,1.8,2.3,2.1,4.6,3.6,3.4,1.6,1.7,1.8,5.0,5.6,2.4,1.9,6.5,8.8,0.7,2.8,1.0
Percent Estimate!!RACE!!Total population!!One race!!Native Hawaiian and Other Pacific Islander,0.0,1.1,0.2,0.3,0.4,0.1,0.0,0.1,0.1,0.1,0.1,10.2,0.2,0.0,0.1,0.1,0.1,0.1,0.0,0.0,0.1,0.0,0.0,0.0,0.0,0.1,0.1,0.1,0.6,0.0,0.0,0.1,0.0,0.1,0.0,0.0,0.1,0.4,0.0,0.1,0.1,0.0,0.1,0.1,0.2,0.9,0.0,0.1,0.7,0.0,0.0,0.2
Percent Estimate!!RACE!!Total population!!One race!!Some other race,1.7,1.3,5.2,2.8,13.8,3.5,5.5,2.0,4.4,3.3,2.9,1.3,3.4,5.6,2.4,1.0,2.5,1.2,1.4,0.2,5.0,4.4,1.2,1.8,1.0,0.9,0.5,2.4,11.8,0.7,6.8,6.9,8.6,3.1,1.3,1.0,2.8,3.3,2.4,5.7,1.8,0.7,1.5,6.0,5.0,5.4,0.4,2.5,4.6,0.4,2.1,1.5
Percent Estimate!!HISPANIC OR LATINO AND RACE!!Total population!!Hispanic or Latino (of any race),4.3,7.2,31.6,7.6,39.3,21.7,16.5,9.5,11.3,26.1,9.7,10.7,12.7,17.3,7.1,6.1,12.0,3.6,5.1,1.7,10.4,12.3,5.2,5.5,2.9,4.1,3.9,11.1,29.0,3.9,20.6,49.1,19.2,9.6,3.6,3.9,10.9,13.3,7.6,15.9,5.8,3.9,5.5,39.6,18.3,14.2,2.0,9.5,12.9,1.4,6.9,10.0
"Percent Estimate!!CITIZEN, VOTING AGE POPULATION!!Citizen, 18 and over population",3712212,532244,5035771,2224112,25838830,4151040,2614365,720867,526393,15327815,7486799,1016506,1252414,9074766,4935180,2327219,2091514,3368919,3459079,1070661,4320150,5035804,7542878,4106914,2240658,4633370,823668,1380260,2075166,1069812,6198334,1507384,13770029,7629700,567351,8863920,2852665,3098171,9781212,803077,3850077,647089,5075166,18502334,233565291,2087341,500274,6213686,5355539,1431158,4401754,433644
